county_geoid,state_fips,cbsa_geoid,csa_geoid,commuting_zone_geoid,county_in_cbsa,county_in_csa
31039,31,,,170,FALSE,FALSE
53069,53,,,427,FALSE,FALSE
35011,35,,,352,FALSE,FALSE
31109,31,30700,339,337,TRUE,TRUE
31129,31,,,324,FALSE,FALSE
46099,46,43620,,275,TRUE,FALSE
48327,48,,,509,FALSE,FALSE
06091,06,,,49,FALSE,FALSE
21053,21,,,214,FALSE,FALSE
39063,39,22300,248,409,TRUE,TRUE
48189,48,38380,352,488,TRUE,TRUE
01027,01,,,6,FALSE,FALSE
48011,48,11100,108,479,TRUE,TRUE
39003,39,30620,338,396,TRUE,TRUE
13189,13,12260,,99,TRUE,FALSE
55111,55,12660,357,555,TRUE,TRUE
05137,05,,,33,FALSE,FALSE
41063,41,,,439,FALSE,FALSE
42007,42,38300,430,441,TRUE,TRUE
28061,28,29860,279,284,TRUE,TRUE
29083,29,,,290,FALSE,FALSE
08109,08,,,55,FALSE,FALSE
37037,37,20500,450,381,TRUE,TRUE
49033,49,21740,,111,TRUE,FALSE
40001,40,,,411,FALSE,FALSE
39085,39,17410,184,398,TRUE,TRUE
51775,51,40220,,528,TRUE,FALSE
51121,51,13980,,528,TRUE,FALSE
47065,47,16860,174,101,TRUE,TRUE
35035,35,10460,,355,TRUE,FALSE
35003,35,,,17,FALSE,FALSE
01091,01,,,4,FALSE,FALSE
56023,56,,,111,FALSE,FALSE
29011,29,,,178,FALSE,FALSE
48057,48,38920,544,491,TRUE,TRUE
51735,51,47260,545,536,TRUE,TRUE
54075,54,,,545,FALSE,FALSE
48077,48,48660,,416,TRUE,FALSE
51095,51,47260,545,536,TRUE,TRUE
31101,31,,,326,FALSE,FALSE
31137,31,,,332,FALSE,FALSE
22019,22,29340,324,219,TRUE,TRUE
22111,22,33740,384,223,TRUE,TRUE
40135,40,22900,,31,TRUE,FALSE
01049,01,22840,290,8,TRUE,TRUE
36101,36,18500,236,364,TRUE,TRUE
42053,42,,,363,FALSE,FALSE
22105,22,25220,132,226,TRUE,TRUE
51179,51,47900,548,531,TRUE,TRUE
26109,26,31940,361,251,TRUE,TRUE
18073,18,16980,176,154,TRUE,TRUE
13025,13,15260,,97,TRUE,FALSE
13171,13,,,100,FALSE,FALSE
18151,18,11420,258,143,TRUE,TRUE
48361,48,13140,,219,TRUE,FALSE
39047,39,47920,198,403,TRUE,TRUE
25015,25,11200,521,238,TRUE,TRUE
21003,21,14540,150,200,TRUE,TRUE
37001,37,15500,268,369,TRUE,TRUE
20073,20,,,181,FALSE,FALSE
25025,25,14460,148,234,TRUE,TRUE
16051,16,26820,292,115,TRUE,TRUE
48177,48,,,496,FALSE,FALSE
47115,47,16860,174,101,TRUE,TRUE
26007,26,10980,,240,TRUE,FALSE
21231,21,,,214,FALSE,FALSE
47185,47,18260,,470,TRUE,FALSE
48147,48,14300,206,423,TRUE,TRUE
20043,20,41140,312,175,TRUE,TRUE
48265,48,28500,484,505,TRUE,TRUE
12053,12,45300,,88,TRUE,FALSE
12129,12,45220,533,86,TRUE,TRUE
12131,12,18880,,83,TRUE,FALSE
28017,28,,,277,FALSE,FALSE
02130,02,28540,,574,TRUE,FALSE
26035,26,,,244,FALSE,FALSE
20157,20,,,186,FALSE,FALSE
12127,12,19660,422,84,TRUE,TRUE
40017,40,36420,416,415,TRUE,TRUE
13115,13,40660,122,93,TRUE,TRUE
32001,32,21980,456,40,TRUE,TRUE
31181,31,25580,,324,TRUE,FALSE
17067,17,,,135,FALSE,FALSE
46067,46,,,458,FALSE,FALSE
41013,41,13460,,430,TRUE,FALSE
50011,50,15540,162,521,TRUE,TRUE
26103,26,32100,,241,TRUE,FALSE
37057,37,49180,268,382,TRUE,TRUE
17025,17,,,130,FALSE,FALSE
29103,29,,,286,FALSE,FALSE
29117,29,,,294,FALSE,FALSE
42117,42,,,445,FALSE,FALSE
31043,31,43580,512,172,TRUE,TRUE
26089,26,45900,,243,TRUE,FALSE
51181,51,47260,545,379,TRUE,TRUE
48391,48,,,478,FALSE,FALSE
39017,39,17140,178,205,TRUE,TRUE
13273,13,10500,,90,TRUE,FALSE
13063,13,12060,122,100,TRUE,TRUE
56013,56,40180,,563,TRUE,FALSE
18115,18,17140,178,149,TRUE,TRUE
13073,13,12260,,99,TRUE,FALSE
08115,08,,,69,FALSE,FALSE
30065,30,,,306,FALSE,FALSE
42043,42,25420,276,440,TRUE,TRUE
46101,46,,,275,FALSE,FALSE
54079,54,26580,170,546,TRUE,TRUE
34037,34,35620,408,347,TRUE,TRUE
20039,20,,,187,FALSE,FALSE
18123,18,,,142,FALSE,FALSE
28145,28,,,277,FALSE,FALSE
31015,31,,,331,FALSE,FALSE
27095,27,33460,378,260,TRUE,TRUE
38099,38,,,270,FALSE,FALSE
39115,39,,,408,FALSE,FALSE
39133,39,10420,184,398,TRUE,TRUE
56041,56,21740,,111,TRUE,FALSE
32013,32,49080,,341,TRUE,FALSE
48247,48,,,489,FALSE,FALSE
08017,08,,,59,FALSE,FALSE
41005,41,38900,440,427,TRUE,TRUE
05113,05,,,38,FALSE,FALSE
13193,13,,,105,FALSE,FALSE
18007,18,29200,320,141,TRUE,TRUE
47129,47,28940,315,464,TRUE,TRUE
46043,46,,,458,FALSE,FALSE
24047,24,36180,480,71,TRUE,TRUE
17185,17,,,142,FALSE,FALSE
18069,18,26540,258,143,TRUE,TRUE
21209,21,30460,336,201,TRUE,TRUE
19053,19,,,167,FALSE,FALSE
18169,18,47340,,143,TRUE,FALSE
18003,18,23060,258,143,TRUE,TRUE
18099,18,38500,515,151,TRUE,TRUE
31171,31,,,328,FALSE,FALSE
38085,38,,,395,FALSE,FALSE
48127,48,,,498,FALSE,FALSE
27045,27,40340,462,267,TRUE,TRUE
45023,45,16740,172,372,TRUE,TRUE
27073,27,,,264,FALSE,FALSE
49005,49,30860,,119,TRUE,FALSE
55093,55,33460,378,258,TRUE,TRUE
13049,13,,,75,FALSE,FALSE
13233,13,16340,122,93,TRUE,TRUE
17113,17,14010,145,127,TRUE,TRUE
23001,23,30340,438,228,TRUE,TRUE
16055,16,17660,518,112,TRUE,TRUE
32003,32,29820,332,340,TRUE,TRUE
20147,20,,,187,FALSE,FALSE
31089,31,,,331,FALSE,FALSE
29101,29,47660,312,290,TRUE,TRUE
55063,55,29100,317,269,TRUE,TRUE
22021,22,,,223,FALSE,FALSE
21061,21,14540,150,200,TRUE,TRUE
17005,17,41180,476,123,TRUE,TRUE
17009,17,,,121,FALSE,FALSE
27085,27,26780,378,273,TRUE,TRUE
55033,55,32860,232,276,TRUE,TRUE
08027,08,,,60,FALSE,FALSE
29123,29,,,300,FALSE,FALSE
48353,48,45020,101,501,TRUE,TRUE
42127,42,,,447,FALSE,FALSE
36091,36,10580,104,358,TRUE,TRUE
48041,48,17780,,486,TRUE,FALSE
40095,40,,,413,FALSE,FALSE
24001,24,19060,,231,TRUE,FALSE
54103,54,,,400,FALSE,FALSE
55053,55,,,276,FALSE,FALSE
41007,41,11820,,428,TRUE,FALSE
53041,53,16500,500,542,TRUE,TRUE
36003,36,,,359,FALSE,FALSE
19031,19,,,160,FALSE,FALSE
18117,18,,,153,FALSE,FALSE
13089,13,12060,122,100,TRUE,TRUE
13227,13,12060,122,102,TRUE,TRUE
30015,30,,,304,FALSE,FALSE
31017,31,,,331,FALSE,FALSE
47013,47,28940,315,464,TRUE,TRUE
37069,37,39580,450,381,TRUE,TRUE
24510,24,12580,548,232,TRUE,TRUE
20111,20,21380,,181,TRUE,FALSE
19027,19,16140,,162,TRUE,FALSE
22107,22,,,227,FALSE,FALSE
47123,47,,,464,FALSE,FALSE
20075,20,,,191,FALSE,FALSE
19151,19,,,163,FALSE,FALSE
16045,16,14260,147,108,TRUE,TRUE
05063,05,12900,,33,TRUE,FALSE
05085,05,30780,340,30,TRUE,TRUE
18111,18,16980,176,154,TRUE,TRUE
13119,13,,,103,FALSE,FALSE
12051,12,17500,163,81,TRUE,TRUE
13265,13,,,91,FALSE,FALSE
48245,48,13140,,219,TRUE,FALSE
30059,30,,,305,FALSE,FALSE
08067,08,20420,,56,TRUE,FALSE
48027,48,28660,,484,TRUE,FALSE
28069,28,,,9,FALSE,FALSE
05019,05,11660,,26,TRUE,FALSE
41035,41,28900,,50,TRUE,FALSE
36075,36,45060,532,362,TRUE,TRUE
01019,01,,,8,FALSE,FALSE
48019,48,41700,484,480,TRUE,TRUE
30087,30,,,320,FALSE,FALSE
35059,35,,,357,FALSE,FALSE
26153,26,,,241,FALSE,FALSE
36111,36,28740,408,366,TRUE,TRUE
34007,34,37980,428,346,TRUE,TRUE
17083,17,41180,476,123,TRUE,TRUE
51085,51,40060,,525,TRUE,FALSE
20199,20,,,198,FALSE,FALSE
26003,26,,,241,FALSE,FALSE
05049,05,,,33,FALSE,FALSE
48215,48,32580,365,478,TRUE,TRUE
37155,37,31300,246,376,TRUE,TRUE
26123,26,,,242,FALSE,FALSE
41049,41,25840,,438,TRUE,FALSE
27153,27,,,268,FALSE,FALSE
05083,05,,,31,FALSE,FALSE
37109,37,16740,172,372,TRUE,TRUE
05091,05,45500,,36,TRUE,FALSE
12095,12,36740,422,80,TRUE,TRUE
08111,08,,,56,FALSE,FALSE
16041,16,30860,,119,TRUE,FALSE
13045,13,12060,122,6,TRUE,TRUE
20161,20,31740,,185,TRUE,FALSE
48413,48,,,495,FALSE,FALSE
51167,51,,,529,FALSE,FALSE
37027,37,25860,172,370,TRUE,TRUE
16065,16,39940,292,110,TRUE,TRUE
18173,18,21780,241,142,TRUE,TRUE
21001,21,,,199,FALSE,FALSE
21077,21,17140,178,205,TRUE,TRUE
21097,21,,,201,FALSE,FALSE
23023,23,38860,438,228,TRUE,TRUE
30097,30,,,317,FALSE,FALSE
48181,48,43300,206,423,TRUE,TRUE
42059,42,,,441,FALSE,FALSE
02188,02,,,579,FALSE,FALSE
20051,20,25700,,189,TRUE,FALSE
01065,01,46220,,4,TRUE,FALSE
01105,01,,,4,FALSE,FALSE
01033,01,22520,250,10,TRUE,TRUE
20151,20,,,176,FALSE,FALSE
21017,21,30460,336,201,TRUE,TRUE
47149,47,34980,400,465,TRUE,TRUE
13075,13,,,95,FALSE,FALSE
20101,20,,,196,FALSE,FALSE
40059,40,,,419,FALSE,FALSE
17147,17,16580,169,127,TRUE,TRUE
48107,48,31180,352,485,TRUE,TRUE
01063,01,46220,,4,TRUE,FALSE
16033,16,,,110,FALSE,FALSE
19109,19,,,164,FALSE,FALSE
38013,38,,,321,FALSE,FALSE
37063,37,20500,450,381,TRUE,TRUE
19085,19,36540,420,170,TRUE,TRUE
31103,31,,,331,FALSE,FALSE
19187,19,22700,,164,TRUE,FALSE
17151,17,,,134,FALSE,FALSE
47159,47,34980,400,468,TRUE,TRUE
51089,51,32300,,537,TRUE,FALSE
51510,51,47900,548,73,TRUE,TRUE
19101,19,,,158,FALSE,FALSE
30049,30,25740,,305,TRUE,FALSE
49013,49,,,516,FALSE,FALSE
40003,40,,,412,FALSE,FALSE
48119,48,,,497,FALSE,FALSE
47169,47,34980,400,468,TRUE,TRUE
21193,21,,,209,FALSE,FALSE
46039,46,,,454,FALSE,FALSE
41029,41,32780,366,435,TRUE,TRUE
48507,48,,,498,FALSE,FALSE
31007,31,42420,,327,TRUE,FALSE
19121,19,19780,218,155,TRUE,TRUE
12011,12,33100,370,78,TRUE,TRUE
13279,13,47080,,104,TRUE,FALSE
26151,26,,,252,FALSE,FALSE
48397,48,19100,206,423,TRUE,TRUE
26163,26,19820,220,252,TRUE,TRUE
27105,27,49380,,266,TRUE,FALSE
27001,27,,,257,FALSE,FALSE
38071,38,,,388,FALSE,FALSE
37145,37,20500,450,381,TRUE,TRUE
20195,20,,,189,FALSE,FALSE
28151,28,24740,,280,TRUE,FALSE
48133,48,,,499,FALSE,FALSE
28055,28,,,280,FALSE,FALSE
48123,48,,,491,FALSE,FALSE
48005,48,31260,,477,TRUE,FALSE
45081,45,17900,192,450,TRUE,TRUE
29125,29,,,297,FALSE,FALSE
05001,05,,,20,FALSE,FALSE
29109,29,,,289,FALSE,FALSE
51540,51,16820,,523,TRUE,FALSE
17011,17,36837,176,125,TRUE,TRUE
39145,39,39020,170,410,TRUE,TRUE
37115,37,11700,120,378,TRUE,TRUE
16053,16,46300,,113,TRUE,FALSE
39163,39,,,410,FALSE,FALSE
48309,48,47380,,484,TRUE,FALSE
16037,16,,,118,FALSE,FALSE
19089,19,,,166,FALSE,FALSE
12099,12,33100,370,77,TRUE,TRUE
13181,13,12260,,99,TRUE,FALSE
01013,01,,,1,FALSE,FALSE
47165,47,34980,400,468,TRUE,TRUE
51097,51,40060,,525,TRUE,FALSE
05015,05,,,24,FALSE,FALSE
51820,51,44420,277,527,TRUE,TRUE
02220,02,,,582,FALSE,FALSE
41051,41,38900,440,427,TRUE,TRUE
47061,47,,,465,FALSE,FALSE
27057,27,,,257,FALSE,FALSE
38081,38,,,391,FALSE,FALSE
36089,36,32390,,365,TRUE,FALSE
29179,29,,,300,FALSE,FALSE
06067,06,40900,472,43,TRUE,TRUE
39125,39,,,405,FALSE,FALSE
18179,18,23060,258,143,TRUE,TRUE
51063,51,13980,,528,TRUE,FALSE
06083,06,42200,,53,TRUE,FALSE
54005,54,16620,170,546,TRUE,TRUE
28009,28,32820,368,32,TRUE,TRUE
21055,21,,,211,FALSE,FALSE
19147,19,,,168,FALSE,FALSE
19159,19,,,156,FALSE,FALSE
37151,37,24660,268,382,TRUE,TRUE
24015,24,37980,428,72,TRUE,TRUE
18171,18,29200,320,141,TRUE,TRUE
31077,31,,,338,FALSE,FALSE
31095,31,,,337,FALSE,FALSE
31151,31,,,337,FALSE,FALSE
21119,21,,,209,FALSE,FALSE
19045,19,17540,209,138,TRUE,TRUE
27063,27,,,266,FALSE,FALSE
27039,27,40340,462,267,TRUE,TRUE
27047,27,10660,,165,TRUE,FALSE
06009,06,,,41,FALSE,FALSE
25001,25,12700,148,234,TRUE,TRUE
51119,51,,,536,FALSE,FALSE
42065,42,,,363,FALSE,FALSE
18089,18,16980,176,154,TRUE,TRUE
47003,47,43180,400,465,TRUE,TRUE
47027,47,,,470,FALSE,FALSE
17029,17,16660,,128,TRUE,FALSE
47097,47,,,473,FALSE,FALSE
41001,41,12520,,425,TRUE,FALSE
36097,36,,,364,FALSE,FALSE
26159,26,,,246,FALSE,FALSE
17131,17,19340,209,136,TRUE,TRUE
21127,21,26580,170,216,TRUE,TRUE
21175,21,,,203,FALSE,FALSE
21177,21,,,200,FALSE,FALSE
17049,17,20820,,128,TRUE,FALSE
47105,47,28940,315,464,TRUE,TRUE
46025,46,,,454,FALSE,FALSE
15003,15,46520,,587,TRUE,FALSE
12041,12,23540,264,74,TRUE,TRUE
18157,18,29200,320,141,TRUE,TRUE
42109,42,42780,146,444,TRUE,TRUE
48277,48,37580,,497,TRUE,FALSE
12086,12,33100,370,78,TRUE,TRUE
31057,31,,,334,FALSE,FALSE
48289,48,,,503,FALSE,FALSE
08097,08,40090,233,62,TRUE,TRUE
38035,38,24220,,274,TRUE,FALSE
18091,18,33140,176,154,TRUE,TRUE
18057,18,26900,294,146,TRUE,TRUE
51595,51,,,375,FALSE,FALSE
40081,40,36420,416,415,TRUE,TRUE
20071,20,,,191,FALSE,FALSE
13145,13,17980,194,7,TRUE,TRUE
13251,13,,,98,FALSE,FALSE
48433,48,,,492,FALSE,FALSE
39069,39,,,405,FALSE,FALSE
33009,33,30150,,345,TRUE,FALSE
29145,29,27900,309,178,TRUE,TRUE
18129,18,21780,241,142,TRUE,TRUE
48311,48,,,480,FALSE,FALSE
17035,17,20820,,128,TRUE,FALSE
13297,13,12060,122,92,TRUE,TRUE
27121,27,,,268,FALSE,FALSE
51157,51,47900,548,533,TRUE,TRUE
51009,51,31340,,526,TRUE,FALSE
06111,06,37100,348,18,TRUE,TRUE
17033,17,,,133,FALSE,FALSE
08093,08,19740,216,54,TRUE,TRUE
06037,06,31080,348,18,TRUE,TRUE
04027,04,49740,,19,TRUE,FALSE
13129,13,15660,122,93,TRUE,TRUE
19025,19,,,164,FALSE,FALSE
12055,12,42700,,87,TRUE,FALSE
51580,51,,,524,FALSE,FALSE
50017,50,30150,,345,TRUE,FALSE
20113,20,32700,,193,TRUE,FALSE
04021,04,38060,429,16,TRUE,TRUE
39051,39,45780,,405,TRUE,FALSE
08003,08,10480,,55,TRUE,FALSE
12017,12,26140,,80,TRUE,FALSE
47041,47,,,470,FALSE,FALSE
42031,42,,,363,FALSE,FALSE
46097,46,,,275,FALSE,FALSE
46073,46,,,453,FALSE,FALSE
18031,18,24700,294,150,TRUE,TRUE
18037,18,27540,,142,TRUE,FALSE
51057,51,,,535,FALSE,FALSE
45089,45,,,452,FALSE,FALSE
36031,36,,,365,FALSE,FALSE
19195,19,32380,,165,TRUE,FALSE
40063,40,,,415,FALSE,FALSE
51027,51,,,529,FALSE,FALSE
51005,51,,,524,FALSE,FALSE
28087,28,18060,523,282,TRUE,TRUE
18143,18,,,148,FALSE,FALSE
08099,08,,,57,FALSE,FALSE
48435,48,,,495,FALSE,FALSE
40101,40,34780,538,411,TRUE,TRUE
29043,29,44180,,289,TRUE,FALSE
28073,28,25620,279,284,TRUE,TRUE
18137,18,,,150,FALSE,FALSE
38057,38,,,390,FALSE,FALSE
13147,13,,,103,FALSE,FALSE
22049,22,,,223,FALSE,FALSE
51133,51,,,535,FALSE,FALSE
48157,48,26420,288,481,TRUE,TRUE
55047,55,,,554,FALSE,FALSE
30073,30,,,314,FALSE,FALSE
55127,55,48580,376,557,TRUE,TRUE
32021,32,,,40,FALSE,FALSE
17057,17,15900,427,125,TRUE,TRUE
36103,36,35620,408,360,TRUE,TRUE
18161,18,,,152,FALSE,FALSE
29119,29,,,23,FALSE,FALSE
31157,31,42420,,327,TRUE,FALSE
35047,35,29780,105,351,TRUE,TRUE
01081,01,12220,194,7,TRUE,TRUE
48367,48,19100,206,508,TRUE,TRUE
38021,38,,,391,FALSE,FALSE
38003,38,,,387,FALSE,FALSE
27143,27,,,273,FALSE,FALSE
13293,13,45580,122,100,TRUE,TRUE
06097,06,42220,,39,TRUE,FALSE
26033,26,42300,,248,TRUE,FALSE
16019,16,26820,292,115,TRUE,TRUE
13013,13,12060,122,92,TRUE,TRUE
13183,13,25980,496,98,TRUE,TRUE
48271,48,,,498,FALSE,FALSE
40115,40,33060,309,417,TRUE,TRUE
42033,42,20180,524,363,TRUE,TRUE
26037,26,29620,330,249,TRUE,TRUE
17135,17,,,123,FALSE,FALSE
28003,28,18420,539,277,TRUE,TRUE
28071,28,37060,,283,TRUE,FALSE
22043,22,10780,,222,TRUE,FALSE
29005,29,,,287,FALSE,FALSE
17115,17,19500,,128,TRUE,FALSE
26149,26,44780,310,151,TRUE,TRUE
17055,17,,,122,FALSE,FALSE
30033,30,,,313,FALSE,FALSE
31001,31,25580,,324,TRUE,FALSE
27109,27,40340,462,267,TRUE,TRUE
34039,34,35620,408,347,TRUE,TRUE
01097,01,33660,380,2,TRUE,TRUE
46087,46,43620,,275,TRUE,FALSE
01057,01,,,12,FALSE,FALSE
01017,01,29300,122,7,TRUE,TRUE
37131,37,40260,468,375,TRUE,TRUE
08081,08,44460,,68,TRUE,FALSE
21087,21,15820,,199,TRUE,FALSE
18047,18,17140,178,150,TRUE,TRUE
37013,37,47820,274,374,TRUE,TRUE
38015,38,13900,,390,TRUE,FALSE
37159,37,16740,172,372,TRUE,TRUE
26071,26,,,251,FALSE,FALSE
27067,27,48820,,264,TRUE,FALSE
21237,21,,,203,FALSE,FALSE
48149,48,,,496,FALSE,FALSE
46081,46,43940,452,457,TRUE,TRUE
23029,23,,,230,FALSE,FALSE
48045,48,,,488,FALSE,FALSE
26131,26,,,253,FALSE,FALSE
28015,28,24900,,281,TRUE,FALSE
41003,41,18700,440,426,TRUE,TRUE
27133,27,43620,,275,TRUE,FALSE
42063,42,26860,430,442,TRUE,TRUE
22061,22,40820,384,223,TRUE,TRUE
42099,42,25420,276,440,TRUE,TRUE
46137,46,,,459,FALSE,FALSE
48203,48,30980,,507,TRUE,FALSE
26013,26,,,245,FALSE,FALSE
40131,40,46140,538,418,TRUE,TRUE
29019,29,17860,190,288,TRUE,TRUE
40015,40,,,415,FALSE,FALSE
08059,08,19740,216,54,TRUE,TRUE
54011,54,26580,170,206,TRUE,TRUE
48383,48,,,495,FALSE,FALSE
05141,05,,,28,FALSE,FALSE
08117,08,14720,,62,TRUE,FALSE
20035,20,11680,556,180,TRUE,TRUE
05071,05,,,35,FALSE,FALSE
36041,36,,,358,FALSE,FALSE
51045,51,40220,,528,TRUE,FALSE
48083,48,,,490,FALSE,FALSE
02290,02,,,570,FALSE,FALSE
04017,04,43320,,13,TRUE,FALSE
28085,28,15020,298,278,TRUE,TRUE
48357,48,,,424,FALSE,FALSE
48103,48,,,476,FALSE,FALSE
56003,56,,,559,FALSE,FALSE
47081,47,34980,400,468,TRUE,TRUE
28143,28,32820,368,32,TRUE,TRUE
29081,29,,,296,FALSE,FALSE
18005,18,18020,294,144,TRUE,TRUE
13223,13,12060,122,100,TRUE,TRUE
39015,39,17140,178,205,TRUE,TRUE
47141,47,18260,,470,TRUE,FALSE
38101,38,33500,,389,TRUE,FALSE
25027,25,49340,148,234,TRUE,TRUE
39091,39,13340,198,409,TRUE,TRUE
06031,06,25260,260,45,TRUE,TRUE
06073,06,41740,,52,TRUE,FALSE
13079,13,31420,356,96,TRUE,TRUE
29037,29,28140,312,174,TRUE,TRUE
36027,36,28880,408,366,TRUE,TRUE
48477,48,14780,288,486,TRUE,TRUE
08101,08,39380,444,60,TRUE,TRUE
29067,29,,,298,FALSE,FALSE
38009,38,,,389,FALSE,FALSE
37051,37,22180,246,376,TRUE,TRUE
56017,56,,,563,FALSE,FALSE
26001,26,,,240,FALSE,FALSE
06061,06,40900,472,43,TRUE,TRUE
05129,05,,,28,FALSE,FALSE
48305,48,31180,352,485,TRUE,TRUE
36077,36,36580,,361,TRUE,FALSE
37153,37,40460,246,376,TRUE,TRUE
37093,37,22180,246,376,TRUE,TRUE
31131,31,,,287,FALSE,FALSE
42023,42,,,445,FALSE,FALSE
45035,45,16700,,451,TRUE,FALSE
27161,27,,,262,FALSE,FALSE
46015,46,,,456,FALSE,FALSE
47177,47,32660,,470,TRUE,FALSE
17023,17,,,129,FALSE,FALSE
21201,21,,,208,FALSE,FALSE
47095,47,,,473,FALSE,FALSE
45015,45,16700,,451,TRUE,FALSE
05051,05,26300,284,26,TRUE,TRUE
20139,20,45820,,188,TRUE,FALSE
39155,39,49660,566,404,TRUE,TRUE
48333,48,,,490,FALSE,FALSE
48359,48,11100,108,479,TRUE,TRUE
42019,42,38300,430,441,TRUE,TRUE
16049,16,,,117,FALSE,FALSE
20115,20,,,193,FALSE,FALSE
51029,51,,,530,FALSE,FALSE
37025,37,16740,172,372,TRUE,TRUE
29225,29,44180,,289,TRUE,FALSE
49011,49,36260,482,517,TRUE,TRUE
27033,27,,,266,FALSE,FALSE
12093,12,36380,370,77,TRUE,TRUE
13291,13,,,107,FALSE,FALSE
19013,19,47940,,161,TRUE,FALSE
48403,48,,,511,FALSE,FALSE
39131,39,,,410,FALSE,FALSE
01125,01,46220,,4,TRUE,FALSE
01131,01,,,2,FALSE,FALSE
28097,28,24980,,281,TRUE,FALSE
31099,31,28260,,332,TRUE,FALSE
31087,31,,,334,FALSE,FALSE
10003,10,37980,428,72,TRUE,TRUE
16081,16,27220,,120,TRUE,FALSE
17161,17,19340,209,136,TRUE,TRUE
51073,51,47260,545,536,TRUE,TRUE
05133,05,,,38,FALSE,FALSE
18017,18,30900,,147,TRUE,FALSE
16077,16,,,110,FALSE,FALSE
18015,18,29200,320,141,TRUE,TRUE
42101,42,37980,428,72,TRUE,TRUE
56043,56,,,563,FALSE,FALSE
37029,37,47260,545,379,TRUE,TRUE
36109,36,27060,296,364,TRUE,TRUE
05069,05,38220,340,21,TRUE,TRUE
05079,05,,,21,FALSE,FALSE
55123,55,29100,317,269,TRUE,TRUE
29093,29,,,300,FALSE,FALSE
48223,48,44860,206,497,TRUE,TRUE
36001,36,10580,104,358,TRUE,TRUE
48225,48,,,475,FALSE,FALSE
39111,39,,,400,FALSE,FALSE
20165,20,,,189,FALSE,FALSE
18107,18,18820,294,141,TRUE,TRUE
20187,20,,,191,FALSE,FALSE
21129,21,,,209,FALSE,FALSE
27071,27,,,271,FALSE,FALSE
48029,48,41700,484,480,TRUE,TRUE
08013,08,14500,216,54,TRUE,TRUE
47089,47,34100,315,471,TRUE,TRUE
40097,40,,,417,FALSE,FALSE
27165,27,,,262,FALSE,FALSE
16013,16,25200,,113,TRUE,FALSE
22053,22,29340,324,219,TRUE,TRUE
46119,46,,,463,FALSE,FALSE
08031,08,19740,216,54,TRUE,TRUE
40029,40,,,413,FALSE,FALSE
30011,30,,,307,FALSE,FALSE
48461,48,,,476,FALSE,FALSE
18051,18,,,142,FALSE,FALSE
31105,31,,,327,FALSE,FALSE
17093,17,16980,176,132,TRUE,TRUE
11001,11,47900,548,73,TRUE,TRUE
08085,08,33940,,61,TRUE,FALSE
27171,27,33460,378,273,TRUE,TRUE
55059,55,28450,176,132,TRUE,TRUE
08037,08,20780,233,62,TRUE,TRUE
06075,06,41860,488,39,TRUE,TRUE
08113,08,,,61,FALSE,FALSE
02020,02,11260,,567,TRUE,FALSE
12109,12,27260,300,75,TRUE,TRUE
28019,28,,,282,FALSE,FALSE
29079,29,,,296,FALSE,FALSE
26085,26,,,255,FALSE,FALSE
26139,26,24340,266,242,TRUE,TRUE
17031,17,16980,176,132,TRUE,TRUE
17059,17,,,134,FALSE,FALSE
45047,45,24940,273,448,TRUE,TRUE
20059,20,36840,312,174,TRUE,TRUE
27027,27,22020,244,259,TRUE,TRUE
47075,47,,,469,FALSE,FALSE
49003,49,14940,482,119,TRUE,TRUE
28139,28,,,277,FALSE,FALSE
54051,54,48540,,400,TRUE,FALSE
54035,54,,,546,FALSE,FALSE
16039,16,34300,147,108,TRUE,TRUE
24005,24,12580,548,232,TRUE,TRUE
38005,38,,,388,FALSE,FALSE
29163,29,,,121,FALSE,FALSE
39087,39,26580,170,206,TRUE,TRUE
29201,29,43460,164,291,TRUE,TRUE
39001,39,,,205,FALSE,FALSE
48143,48,44500,,490,TRUE,FALSE
13137,13,18460,122,92,TRUE,TRUE
13319,13,,,91,FALSE,FALSE
54061,54,34060,,547,TRUE,FALSE
39033,39,15340,360,397,TRUE,TRUE
12027,12,11580,412,79,TRUE,TRUE
39059,39,15740,198,408,TRUE,TRUE
26015,26,24340,266,242,TRUE,TRUE
29209,29,,,289,FALSE,FALSE
51760,51,40060,,525,TRUE,FALSE
37169,37,49180,268,382,TRUE,TRUE
19039,19,,,167,FALSE,FALSE
19065,19,,,161,FALSE,FALSE
06041,06,41860,488,39,TRUE,TRUE
48381,48,11100,108,479,TRUE,TRUE
48401,48,30980,,507,TRUE,FALSE
19181,19,19780,218,155,TRUE,TRUE
39161,39,46780,338,396,TRUE,TRUE
12043,12,17500,163,81,TRUE,TRUE
13199,13,12060,122,7,TRUE,TRUE
08023,08,10480,,55,TRUE,FALSE
48099,48,28660,,484,TRUE,FALSE
19001,19,,,155,FALSE,FALSE
13053,13,17980,194,7,TRUE,TRUE
06043,06,,,45,FALSE,FALSE
29089,29,17860,190,288,TRUE,TRUE
41047,41,41420,440,427,TRUE,TRUE
55079,55,33340,376,557,TRUE,TRUE
27139,27,33460,378,258,TRUE,TRUE
39129,39,18140,198,406,TRUE,TRUE
51145,51,40060,,525,TRUE,FALSE
08014,08,19740,216,54,TRUE,TRUE
47099,47,29980,400,474,TRUE,TRUE
26009,26,,,243,FALSE,FALSE
45069,45,,,452,FALSE,FALSE
16009,16,,,112,FALSE,FALSE
17103,17,19940,221,124,TRUE,TRUE
31127,31,,,287,FALSE,FALSE
37031,37,33980,404,380,TRUE,TRUE
20149,20,31740,,185,TRUE,FALSE
26075,26,27100,,254,TRUE,FALSE
48091,48,41700,484,480,TRUE,TRUE
25019,25,34880,,239,TRUE,FALSE
45009,45,,,450,FALSE,FALSE
48007,48,18580,204,478,TRUE,TRUE
13019,13,,,95,FALSE,FALSE
18165,18,45460,,129,TRUE,FALSE
26143,26,,,250,FALSE,FALSE
37005,37,,,371,FALSE,FALSE
06035,06,45000,,49,TRUE,FALSE
51610,51,47900,548,73,TRUE,TRUE
12081,12,35840,412,79,TRUE,TRUE
39119,39,49780,198,408,TRUE,TRUE
08015,08,,,58,FALSE,FALSE
08025,08,,,60,FALSE,FALSE
08043,08,15860,444,60,TRUE,TRUE
28109,28,38100,406,220,TRUE,TRUE
28111,28,25620,279,284,TRUE,TRUE
31041,31,,,328,FALSE,FALSE
12013,12,,,76,FALSE,FALSE
21117,21,17140,178,205,TRUE,TRUE
19037,19,,,166,FALSE,FALSE
17037,17,16980,176,132,TRUE,TRUE
19081,19,,,165,FALSE,FALSE
38089,38,19860,,323,TRUE,FALSE
26095,26,,,248,FALSE,FALSE
40019,40,11620,,413,TRUE,FALSE
37139,37,21020,545,379,TRUE,TRUE
35055,35,45340,,356,TRUE,FALSE
28011,28,17380,,280,TRUE,FALSE
32023,32,37220,332,340,TRUE,TRUE
47073,47,28700,304,467,TRUE,TRUE
38011,38,,,386,FALSE,FALSE
42057,42,,,233,FALSE,FALSE
22055,22,29180,318,218,TRUE,TRUE
48237,48,,,499,FALSE,FALSE
17175,17,37900,427,136,TRUE,TRUE
40055,40,,,420,FALSE,FALSE
48211,48,,,506,FALSE,FALSE
16069,16,30300,,117,TRUE,FALSE
46129,46,,,395,FALSE,FALSE
06055,06,34900,488,39,TRUE,TRUE
40033,40,30020,334,416,TRUE,TRUE
29221,29,,,300,FALSE,FALSE
36011,36,12180,532,362,TRUE,TRUE
48417,48,,,492,FALSE,FALSE
48407,48,26420,288,481,TRUE,TRUE
19061,19,20220,,138,TRUE,FALSE
51075,51,40060,,525,TRUE,FALSE
20181,20,,,198,FALSE,FALSE
39139,39,31900,360,397,TRUE,TRUE
17001,17,39500,448,121,TRUE,TRUE
39021,39,46500,212,402,TRUE,TRUE
33019,33,30150,,345,TRUE,FALSE
17075,17,,,137,FALSE,FALSE
19157,19,,,155,FALSE,FALSE
39169,39,49300,184,401,TRUE,TRUE
13113,13,12060,122,100,TRUE,TRUE
13141,13,,,91,FALSE,FALSE
48259,48,41700,484,480,TRUE,TRUE
36039,36,,,358,FALSE,FALSE
51137,51,29470,548,533,TRUE,TRUE
40089,40,,,38,FALSE,FALSE
13277,13,45700,,94,TRUE,FALSE
31025,31,36540,420,170,TRUE,TRUE
46077,46,,,454,FALSE,FALSE
56009,56,,,562,FALSE,FALSE
36043,36,46540,,362,TRUE,FALSE
38047,38,,,393,FALSE,FALSE
26053,26,,,253,FALSE,FALSE
27005,27,19810,,259,TRUE,FALSE
01095,01,10700,290,8,TRUE,TRUE
47173,47,28940,315,464,TRUE,TRUE
54057,54,19060,,231,TRUE,FALSE
55003,55,,,551,FALSE,FALSE
17053,17,16580,169,127,TRUE,TRUE
38029,38,,,393,FALSE,FALSE
06089,06,39820,454,42,TRUE,TRUE
22113,22,29180,318,218,TRUE,TRUE
05121,05,,,27,FALSE,FALSE
55085,55,,,556,FALSE,FALSE
22035,22,,,227,FALSE,FALSE
22037,22,12940,132,226,TRUE,TRUE
22087,22,35380,406,220,TRUE,TRUE
48481,48,20900,288,481,TRUE,TRUE
02198,02,,,581,FALSE,FALSE
02195,02,,,580,FALSE,FALSE
48153,48,38380,352,488,TRUE,TRUE
02275,02,,,584,FALSE,FALSE
21151,21,40080,336,213,TRUE,TRUE
47009,47,28940,315,464,TRUE,TRUE
30031,30,14580,,305,TRUE,FALSE
45031,45,22500,,452,TRUE,FALSE
01053,01,,,11,FALSE,FALSE
13143,13,12060,122,6,TRUE,TRUE
20001,20,,,173,FALSE,FALSE
17041,17,,,128,FALSE,FALSE
51079,51,16820,,523,TRUE,FALSE
55137,55,,,554,FALSE,FALSE
05065,05,,,33,FALSE,FALSE
06053,06,41500,,51,TRUE,FALSE
35017,35,43500,,17,TRUE,FALSE
29131,29,,,293,FALSE,FALSE
37193,37,35900,,382,TRUE,FALSE
02110,02,27940,,573,TRUE,FALSE
29165,29,28140,312,174,TRUE,TRUE
29021,29,41140,312,175,TRUE,TRUE
01083,01,26620,290,10,TRUE,TRUE
18065,18,35220,294,146,TRUE,TRUE
31143,31,,,336,FALSE,FALSE
39123,39,41780,184,407,TRUE,TRUE
27107,27,,,259,FALSE,FALSE
19165,19,,,159,FALSE,FALSE
24013,24,12580,548,232,TRUE,TRUE
19011,19,16300,168,160,TRUE,TRUE
21159,21,,,216,FALSE,FALSE
27025,27,33460,378,258,TRUE,TRUE
21189,21,,,209,FALSE,FALSE
42015,42,42380,,444,TRUE,FALSE
54029,54,48260,430,400,TRUE,TRUE
29051,29,27620,190,288,TRUE,TRUE
26021,26,35660,515,151,TRUE,TRUE
42061,42,26500,107,446,TRUE,TRUE
31045,31,,,330,FALSE,FALSE
51141,51,,,537,FALSE,FALSE
26119,26,,,250,FALSE,FALSE
26135,26,,,250,FALSE,FALSE
35007,35,,,351,FALSE,FALSE
17163,17,41180,476,140,TRUE,TRUE
17189,17,,,131,FALSE,FALSE
42009,42,,,442,FALSE,FALSE
05127,05,,,31,FALSE,FALSE
20099,20,,,173,FALSE,FALSE
42073,42,38300,430,404,TRUE,TRUE
39067,39,,,400,FALSE,FALSE
37003,37,25860,172,370,TRUE,TRUE
34009,34,12100,428,346,TRUE,TRUE
33005,33,28300,313,344,TRUE,TRUE
27089,27,,,274,FALSE,FALSE
51101,51,40060,,525,TRUE,FALSE
08055,08,,,65,FALSE,FALSE
48255,48,,,480,FALSE,FALSE
47023,47,27180,,469,TRUE,FALSE
17171,17,27300,522,126,TRUE,TRUE
49027,49,,,520,FALSE,FALSE
49029,49,36260,482,517,TRUE,TRUE
48257,48,19100,206,423,TRUE,TRUE
04011,04,,,17,FALSE,FALSE
04013,04,38060,429,16,TRUE,TRUE
26129,26,,,250,FALSE,FALSE
47087,47,18260,,470,TRUE,FALSE
17159,17,,,130,FALSE,FALSE
01009,01,13820,142,5,TRUE,TRUE
30051,30,,,315,FALSE,FALSE
48131,48,,,489,FALSE,FALSE
29173,29,25300,448,121,TRUE,TRUE
48251,48,19100,206,508,TRUE,TRUE
13061,13,,,3,FALSE,FALSE
41023,41,,,432,FALSE,FALSE
41011,41,18300,,429,TRUE,FALSE
48159,48,,,36,FALSE,FALSE
36113,36,24020,104,358,TRUE,TRUE
51113,51,,,533,FALSE,FALSE
40005,40,,,413,FALSE,FALSE
17129,17,44100,522,126,TRUE,TRUE
13015,13,12060,122,93,TRUE,TRUE
12069,12,36740,422,80,TRUE,TRUE
40111,40,46140,538,418,TRUE,TRUE
38083,38,,,392,FALSE,FALSE
18049,18,,,143,FALSE,FALSE
20091,20,28140,312,174,TRUE,TRUE
24009,24,30500,548,73,TRUE,TRUE
55129,55,,,552,FALSE,FALSE
53031,53,39040,,541,TRUE,FALSE
27169,27,49100,462,276,TRUE,TRUE
28149,28,46980,298,225,TRUE,TRUE
29003,29,41140,312,175,TRUE,TRUE
29139,29,,,140,FALSE,FALSE
20021,20,27900,309,178,TRUE,TRUE
37083,37,40260,468,375,TRUE,TRUE
35043,35,10740,105,349,TRUE,TRUE
21051,21,18340,371,213,TRUE,TRUE
42035,42,30820,558,444,TRUE,TRUE
41043,41,10540,440,426,TRUE,TRUE
55065,55,,,555,FALSE,FALSE
40147,40,12780,538,182,TRUE,TRUE
54077,54,34060,,547,TRUE,FALSE
55135,55,,,554,FALSE,FALSE
48137,48,,,500,FALSE,FALSE
41037,41,,,436,FALSE,FALSE
29153,29,,,22,FALSE,FALSE
48473,48,26420,288,481,TRUE,TRUE
01099,01,,,11,FALSE,FALSE
50009,50,,,345,FALSE,FALSE
51111,51,,,530,FALSE,FALSE
38097,38,,,274,FALSE,FALSE
13139,13,23580,122,92,TRUE,TRUE
13283,13,,,104,FALSE,FALSE
13037,13,,,3,FALSE,FALSE
55125,55,,,556,FALSE,FALSE
27007,27,13420,,257,TRUE,FALSE
24019,24,15700,548,71,TRUE,TRUE
42037,42,14100,146,444,TRUE,TRUE
39023,39,44220,212,402,TRUE,TRUE
48323,48,20580,,498,TRUE,FALSE
04019,04,46060,536,14,TRUE,TRUE
35006,35,,,13,FALSE,FALSE
34005,34,37980,428,346,TRUE,TRUE
50021,50,40860,,521,TRUE,FALSE
13099,13,,,3,FALSE,FALSE
25007,25,47240,,237,TRUE,FALSE
38049,38,33500,,389,TRUE,FALSE
31179,31,,,325,FALSE,FALSE
38045,38,,,391,FALSE,FALSE
16023,16,26820,292,110,TRUE,TRUE
33007,33,,,345,FALSE,FALSE
38043,38,,,390,FALSE,FALSE
48273,48,28780,204,478,TRUE,TRUE
18127,18,16980,176,154,TRUE,TRUE
28101,28,,,9,FALSE,FALSE
37163,37,,,383,FALSE,FALSE
47127,47,46100,400,465,TRUE,TRUE
12103,12,45300,,88,TRUE,FALSE
17065,17,,,131,FALSE,FALSE
05105,05,30780,340,30,TRUE,TRUE
20023,20,,,183,FALSE,FALSE
08029,08,,,61,FALSE,FALSE
19185,19,,,167,FALSE,FALSE
48165,48,,,504,FALSE,FALSE
01093,01,,,12,FALSE,FALSE
37189,37,14380,,373,TRUE,FALSE
51770,51,40220,,528,TRUE,FALSE
48317,48,33260,372,476,TRUE,TRUE
48037,48,45500,,36,TRUE,FALSE
49057,49,36260,482,517,TRUE,TRUE
29127,29,25300,448,121,TRUE,TRUE
36045,36,48060,,367,TRUE,FALSE
19097,19,,,138,FALSE,FALSE
38063,38,,,388,FALSE,FALSE
36019,36,38460,,365,TRUE,FALSE
08045,08,40090,233,62,TRUE,TRUE
29177,29,28140,312,174,TRUE,TRUE
39073,39,18140,198,406,TRUE,TRUE
01085,01,33860,388,1,TRUE,TRUE
13043,13,,,98,FALSE,FALSE
19113,19,16300,168,160,TRUE,TRUE
06105,06,,,42,FALSE,FALSE
13215,13,17980,194,7,TRUE,TRUE
28135,28,,,283,FALSE,FALSE
20005,20,11860,312,175,TRUE,TRUE
48003,48,11380,372,476,TRUE,TRUE
39109,39,19430,212,402,TRUE,TRUE
48375,48,11100,108,479,TRUE,TRUE
40133,40,,,415,FALSE,FALSE
45003,45,12260,,449,TRUE,FALSE
06045,06,46380,,48,TRUE,FALSE
51550,51,47260,545,379,TRUE,TRUE
56037,56,40540,,561,TRUE,FALSE
48169,48,31180,352,485,TRUE,TRUE
54031,54,,,231,FALSE,FALSE
55089,55,33340,376,557,TRUE,TRUE
47163,47,28700,304,467,TRUE,TRUE
45059,45,24860,273,448,TRUE,TRUE
56011,56,,,560,FALSE,FALSE
55117,55,43100,,558,TRUE,FALSE
25013,25,44140,521,238,TRUE,TRUE
48055,48,12420,,482,TRUE,FALSE
20029,20,,,186,FALSE,FALSE
06027,06,13860,,47,TRUE,FALSE
01037,01,45180,142,6,TRUE,TRUE
19059,19,44020,517,168,TRUE,TRUE
21095,21,,,217,FALSE,FALSE
20061,20,31740,,185,TRUE,FALSE
42011,42,39740,428,443,TRUE,TRUE
47019,47,27740,304,467,TRUE,TRUE
27083,27,32140,,264,TRUE,FALSE
51037,51,,,530,FALSE,FALSE
47179,47,27740,304,467,TRUE,TRUE
45071,45,35140,192,450,TRUE,TRUE
51093,51,47260,545,379,TRUE,TRUE
41069,41,,,431,FALSE,FALSE
29023,29,38740,,292,TRUE,FALSE
22047,22,12940,132,226,TRUE,TRUE
28125,28,,,280,FALSE,FALSE
51061,51,47900,548,533,TRUE,TRUE
51750,51,13980,,528,TRUE,FALSE
32005,32,23820,456,40,TRUE,TRUE
12037,12,,,85,FALSE,FALSE
18055,18,,,153,FALSE,FALSE
18139,18,,,146,FALSE,FALSE
55131,55,33340,376,557,TRUE,TRUE
29105,29,30060,,297,TRUE,FALSE
42085,42,25850,430,404,TRUE,TRUE
05031,05,27860,308,27,TRUE,TRUE
29195,29,32180,,290,TRUE,FALSE
17193,17,,,130,FALSE,FALSE
17039,17,,,127,FALSE,FALSE
32033,32,,,341,FALSE,FALSE
27049,27,39860,378,267,TRUE,TRUE
37173,37,,,106,FALSE,FALSE
12101,12,45300,,88,TRUE,FALSE
12119,12,48680,422,80,TRUE,TRUE
36059,36,35620,408,360,TRUE,TRUE
38091,38,,,274,FALSE,FALSE
18163,18,21780,241,142,TRUE,TRUE
29071,29,41180,476,140,TRUE,TRUE
37011,37,,,373,FALSE,FALSE
54107,54,37620,425,408,TRUE,TRUE
55007,55,,,551,FALSE,FALSE
47161,47,17300,,212,TRUE,FALSE
55097,55,44620,554,550,TRUE,TRUE
45063,45,17900,192,450,TRUE,TRUE
24003,24,12580,548,232,TRUE,TRUE
55039,55,22540,,554,TRUE,FALSE
54101,54,,,549,FALSE,FALSE
55061,55,24580,267,553,TRUE,TRUE
48369,48,,,352,FALSE,FALSE
40151,40,,,412,FALSE,FALSE
21063,21,,,206,FALSE,FALSE
25003,25,38340,,235,TRUE,FALSE
29041,29,,,294,FALSE,FALSE
08103,08,,,68,FALSE,FALSE
08087,08,22820,,66,TRUE,FALSE
41045,41,36620,147,108,TRUE,TRUE
34023,34,35620,408,347,TRUE,TRUE
20167,20,,,189,FALSE,FALSE
17155,17,36837,176,125,TRUE,TRUE
46055,46,,,461,FALSE,FALSE
47111,47,34980,400,468,TRUE,TRUE
05023,05,,,28,FALSE,FALSE
01109,01,45980,,1,TRUE,FALSE
16003,16,,,109,FALSE,FALSE
25005,25,39300,148,236,TRUE,TRUE
42107,42,39060,,443,TRUE,FALSE
38103,38,,,392,FALSE,FALSE
37045,37,43140,172,372,TRUE,TRUE
05059,05,31680,284,26,TRUE,TRUE
24021,24,47900,548,233,TRUE,TRUE
17169,17,,,126,FALSE,FALSE
06051,06,,,47,FALSE,FALSE
06109,06,43760,,41,TRUE,FALSE
35013,35,29740,238,353,TRUE,TRUE
13081,13,18380,,94,TRUE,FALSE
05027,05,31620,,29,TRUE,FALSE
38039,38,,,387,FALSE,FALSE
06095,06,46700,488,39,TRUE,TRUE
19043,19,,,157,FALSE,FALSE
48449,48,34420,,36,TRUE,FALSE
54027,54,49020,548,532,TRUE,TRUE
37125,37,38240,246,376,TRUE,TRUE
20009,20,24460,,177,TRUE,FALSE
38087,38,,,386,FALSE,FALSE
22083,22,33740,384,227,TRUE,TRUE
31071,31,,,338,FALSE,FALSE
22099,22,29180,318,218,TRUE,TRUE
01119,01,,,4,FALSE,FALSE
01133,01,,,5,FALSE,FALSE
12117,12,36740,422,80,TRUE,TRUE
28035,28,25620,279,284,TRUE,TRUE
26065,26,29620,330,249,TRUE,TRUE
20177,20,45820,,188,TRUE,FALSE
46061,46,33580,,453,TRUE,FALSE
27061,27,24330,228,263,TRUE,TRUE
08073,08,,,60,FALSE,FALSE
36053,36,45060,532,362,TRUE,TRUE
36115,36,24020,104,358,TRUE,TRUE
18081,18,26900,294,146,TRUE,TRUE
48445,48,,,485,FALSE,FALSE
35021,35,,,351,FALSE,FALSE
01121,01,45180,142,6,TRUE,TRUE
55067,55,,,550,FALSE,FALSE
48155,48,,,502,FALSE,FALSE
19021,19,44740,,163,TRUE,FALSE
19129,19,36540,420,170,TRUE,TRUE
48385,48,,,500,FALSE,FALSE
39041,39,18140,198,406,TRUE,TRUE
37067,37,49180,268,382,TRUE,TRUE
32510,32,16180,456,40,TRUE,TRUE
19049,19,19780,218,155,TRUE,TRUE
48065,48,11100,108,479,TRUE,TRUE
13261,13,11140,,105,TRUE,FALSE
29223,29,,,292,FALSE,FALSE
45007,45,24860,273,448,TRUE,TRUE
56007,56,,,561,FALSE,FALSE
30093,30,15580,,310,TRUE,FALSE
17177,17,23300,466,124,TRUE,TRUE
26087,26,19820,220,252,TRUE,TRUE
22027,22,,,224,FALSE,FALSE
28161,28,37060,,283,TRUE,FALSE
26079,26,45900,,243,TRUE,FALSE
22039,22,,,218,FALSE,FALSE
47069,47,,,469,FALSE,FALSE
04003,04,43420,,14,TRUE,FALSE
35023,35,,,17,FALSE,FALSE
38023,38,,,321,FALSE,FALSE
06071,06,40140,348,18,TRUE,TRUE
08083,08,,,56,FALSE,FALSE
28023,28,32940,,9,TRUE,FALSE
19125,19,37800,218,158,TRUE,TRUE
31055,31,36540,420,170,TRUE,TRUE
51600,51,47900,548,73,TRUE,TRUE
40057,40,,,420,FALSE,FALSE
29039,29,,,295,FALSE,FALSE
13059,13,12020,122,103,TRUE,TRUE
16085,16,,,109,FALSE,FALSE
48275,48,,,483,FALSE,FALSE
05103,05,15780,,25,TRUE,FALSE
39037,39,24820,212,402,TRUE,TRUE
40071,40,38620,,422,TRUE,FALSE
46041,46,,,459,FALSE,FALSE
41057,41,,,437,FALSE,FALSE
13077,13,12060,122,7,TRUE,TRUE
28127,28,27140,298,284,TRUE,TRUE
28131,28,25060,,285,TRUE,FALSE
06013,06,41860,488,39,TRUE,TRUE
47017,47,,,466,FALSE,FALSE
51087,51,40060,,525,TRUE,FALSE
18119,18,14020,144,153,TRUE,TRUE
36119,36,35620,408,366,TRUE,TRUE
29017,29,16020,164,291,TRUE,TRUE
54047,54,,,529,FALSE,FALSE
54033,54,17220,242,547,TRUE,TRUE
37077,37,,,381,FALSE,FALSE
31139,31,35740,,325,TRUE,FALSE
13023,13,,,96,FALSE,FALSE
13033,13,12260,,99,TRUE,FALSE
17181,17,,,122,FALSE,FALSE
17091,17,28100,176,137,TRUE,TRUE
38051,38,,,393,FALSE,FALSE
31141,31,18100,,329,TRUE,FALSE
37185,37,,,381,FALSE,FALSE
13197,13,17980,194,7,TRUE,TRUE
46027,46,46820,,333,TRUE,FALSE
10005,10,42580,,71,TRUE,FALSE
13159,13,12060,122,100,TRUE,TRUE
29175,29,33620,190,301,TRUE,TRUE
20015,20,48620,556,180,TRUE,TRUE
48209,48,12420,,482,TRUE,FALSE
48325,48,41700,484,480,TRUE,TRUE
26105,26,31220,,256,TRUE,FALSE
45013,45,25940,,449,TRUE,FALSE
46135,46,49460,,333,TRUE,FALSE
55105,55,27500,357,557,TRUE,TRUE
45077,45,24860,273,448,TRUE,TRUE
53013,53,,,438,FALSE,FALSE
18023,18,23140,320,141,TRUE,TRUE
17027,17,41180,476,131,TRUE,TRUE
16067,16,15420,,116,TRUE,FALSE
42113,42,,,444,FALSE,FALSE
28121,28,27140,298,279,TRUE,TRUE
48345,48,,,510,FALSE,FALSE
41039,41,21660,,426,TRUE,FALSE
48485,48,48660,,416,TRUE,FALSE
26155,26,37020,330,249,TRUE,TRUE
20089,20,,,195,FALSE,FALSE
20123,20,,,195,FALSE,FALSE
12007,12,,,75,FALSE,FALSE
28091,28,,,284,FALSE,FALSE
28039,28,,,285,FALSE,FALSE
17085,17,,,138,FALSE,FALSE
18059,18,26900,294,146,TRUE,TRUE
51620,51,,,379,FALSE,FALSE
48329,48,33260,372,476,TRUE,TRUE
20171,20,,,196,FALSE,FALSE
30013,30,24500,,304,TRUE,FALSE
51660,51,25500,277,527,TRUE,TRUE
17199,17,32060,166,122,TRUE,TRUE
30029,30,28060,,312,TRUE,FALSE
20189,20,,,197,FALSE,FALSE
21067,21,30460,336,201,TRUE,TRUE
21091,21,,,215,FALSE,FALSE
46013,46,10100,,455,TRUE,FALSE
54001,54,,,545,FALSE,FALSE
47181,47,,,474,FALSE,FALSE
31013,31,,,330,FALSE,FALSE
42097,42,44980,146,444,TRUE,TRUE
48469,48,47020,544,491,TRUE,TRUE
51530,51,,,538,FALSE,FALSE
26147,26,19820,220,252,TRUE,TRUE
31173,31,,,172,FALSE,FALSE
50015,50,,,521,FALSE,FALSE
51067,51,40220,,528,TRUE,FALSE
40011,40,,,415,FALSE,FALSE
53037,53,21260,,543,TRUE,FALSE
18135,18,,,145,FALSE,FALSE
49025,49,,,15,FALSE,FALSE
54093,54,,,545,FALSE,FALSE
55023,55,,,157,FALSE,FALSE
01071,01,42460,174,8,TRUE,TRUE
19123,19,36820,218,158,TRUE,TRUE
20045,20,29940,312,188,TRUE,TRUE
21059,21,36980,,215,TRUE,FALSE
21197,21,,,203,FALSE,FALSE
29097,29,27900,309,178,TRUE,TRUE
41061,41,29260,,425,TRUE,FALSE
13151,13,12060,122,100,TRUE,TRUE
38001,38,,,386,FALSE,FALSE
37137,37,35100,404,380,TRUE,TRUE
21083,21,32460,424,139,TRUE,TRUE
42021,42,27780,306,442,TRUE,TRUE
47107,47,11940,174,101,TRUE,TRUE
26093,26,19820,220,252,TRUE,TRUE
08001,08,19740,216,54,TRUE,TRUE
42069,42,42540,,447,TRUE,FALSE
40123,40,10220,,413,TRUE,FALSE
40037,40,46140,538,418,TRUE,TRUE
48457,48,,,477,FALSE,FALSE
47175,47,,,470,FALSE,FALSE
40125,40,43060,416,415,TRUE,TRUE
35053,35,,,349,FALSE,FALSE
13003,13,20060,,89,TRUE,FALSE
12031,12,27260,300,75,TRUE,TRUE
48145,48,47380,,484,TRUE,FALSE
05149,05,40780,,35,TRUE,FALSE
20033,20,,,176,FALSE,FALSE
21113,21,30460,336,201,TRUE,TRUE
21171,21,,,202,FALSE,FALSE
40075,40,,,420,FALSE,FALSE
46079,46,,,275,FALSE,FALSE
37033,37,,,369,FALSE,FALSE
48377,48,,,487,FALSE,FALSE
39057,39,19430,212,402,TRUE,TRUE
48489,48,39700,154,493,TRUE,TRUE
35028,35,31060,105,349,TRUE,TRUE
02122,02,,,569,FALSE,FALSE
01003,01,19300,380,2,TRUE,TRUE
19007,19,,,158,FALSE,FALSE
51127,51,40060,,525,TRUE,FALSE
13263,13,17980,194,7,TRUE,TRUE
36049,36,,,367,FALSE,FALSE
54015,54,16620,170,546,TRUE,TRUE
18077,18,31500,,149,TRUE,FALSE
51019,51,31340,,526,TRUE,FALSE
35033,35,29780,105,351,TRUE,TRUE
31011,31,,,329,FALSE,FALSE
29149,29,,,298,FALSE,FALSE
47083,47,,,212,FALSE,FALSE
42131,42,42540,,447,TRUE,FALSE
37107,37,28820,,383,TRUE,FALSE
18167,18,45460,,129,TRUE,FALSE
18039,18,21140,515,151,TRUE,TRUE
51077,51,,,371,FALSE,FALSE
48303,48,31180,352,485,TRUE,TRUE
27093,27,,,273,FALSE,FALSE
39005,39,11740,360,397,TRUE,TRUE
31119,31,35740,,325,TRUE,FALSE
12085,12,38940,370,77,TRUE,TRUE
08079,08,,,55,FALSE,FALSE
13085,13,12060,122,92,TRUE,TRUE
13167,13,20140,,104,TRUE,FALSE
05095,05,,,20,FALSE,FALSE
29059,29,44180,,289,TRUE,FALSE
51143,51,19260,,369,TRUE,FALSE
02068,02,,,570,FALSE,FALSE
20145,20,,,177,FALSE,FALSE
20209,20,28140,312,174,TRUE,TRUE
12029,12,,,74,FALSE,FALSE
26157,26,,,252,FALSE,FALSE
02240,02,,,570,FALSE,FALSE
20065,20,,,189,FALSE,FALSE
22097,22,36660,318,218,TRUE,TRUE
47055,47,,,474,FALSE,FALSE
39095,39,45780,,405,TRUE,FALSE
05093,05,14180,,37,TRUE,FALSE
18043,18,31140,350,148,TRUE,TRUE
20129,20,,,197,FALSE,FALSE
21081,21,17140,178,205,TRUE,TRUE
21217,21,15820,,199,TRUE,FALSE
37075,37,,,106,FALSE,FALSE
54045,54,,,216,FALSE,FALSE
54073,54,,,408,FALSE,FALSE
51071,51,13980,,528,TRUE,FALSE
54019,54,13220,,548,TRUE,FALSE
53061,53,42660,500,542,TRUE,TRUE
35015,35,16100,,350,TRUE,FALSE
31117,31,,,326,FALSE,FALSE
31145,31,,,334,FALSE,FALSE
31149,31,,,331,FALSE,FALSE
47085,47,,,468,FALSE,FALSE
17125,17,,,126,FALSE,FALSE
51197,51,,,371,FALSE,FALSE
13303,13,,,91,FALSE,FALSE
53077,53,49420,,543,TRUE,FALSE
05143,05,22220,,23,TRUE,FALSE
48213,48,11980,206,475,TRUE,TRUE
55035,55,20740,232,276,TRUE,TRUE
47153,47,16860,174,101,TRUE,TRUE
48471,48,26660,288,481,TRUE,TRUE
04005,04,22380,,15,TRUE,FALSE
20191,20,48620,556,180,TRUE,TRUE
26127,26,,,242,FALSE,FALSE
27065,27,,,258,FALSE,FALSE
39007,39,17410,184,398,TRUE,TRUE
06003,06,23820,456,40,TRUE,TRUE
48167,48,26420,288,481,TRUE,TRUE
01011,01,,,1,FALSE,FALSE
17105,17,38700,145,127,TRUE,TRUE
39135,39,,,402,FALSE,FALSE
39079,39,,,410,FALSE,FALSE
48201,48,26420,288,481,TRUE,TRUE
25017,25,14460,148,234,TRUE,TRUE
48115,48,,,485,FALSE,FALSE
36069,36,40380,464,368,TRUE,TRUE
01001,01,33860,388,1,TRUE,TRUE
20121,20,28140,312,174,TRUE,TRUE
13091,13,,,96,FALSE,FALSE
36023,36,18660,296,364,TRUE,TRUE
13039,13,28680,300,75,TRUE,TRUE
26161,26,11460,220,252,TRUE,TRUE
18087,18,,,151,FALSE,FALSE
48371,48,,,512,FALSE,FALSE
13225,13,47580,356,96,TRUE,TRUE
13311,13,,,92,FALSE,FALSE
13163,13,,,99,FALSE,FALSE
55083,55,24580,267,553,TRUE,TRUE
48347,48,34860,,511,TRUE,FALSE
44009,44,39300,148,236,TRUE,TRUE
53047,53,,,114,FALSE,FALSE
53063,53,44060,518,114,TRUE,TRUE
55041,55,,,556,FALSE,FALSE
55113,55,,,552,FALSE,FALSE
34017,34,35620,408,347,TRUE,TRUE
39151,39,15940,184,401,TRUE,TRUE
48187,48,41700,484,480,TRUE,TRUE
53029,53,36020,500,542,TRUE,TRUE
54037,54,47900,548,532,TRUE,TRUE
51153,51,47900,548,73,TRUE,TRUE
42029,42,37980,428,72,TRUE,TRUE
54055,54,14140,,529,TRUE,FALSE
47145,47,28940,315,464,TRUE,TRUE
53009,53,38820,,541,TRUE,FALSE
53065,53,44060,518,114,TRUE,TRUE
19177,19,,,158,FALSE,FALSE
31073,31,30420,,332,TRUE,FALSE
28095,28,,,277,FALSE,FALSE
12033,12,37860,,83,TRUE,FALSE
48439,48,19100,206,508,TRUE,TRUE
24033,24,47900,548,73,TRUE,TRUE
51169,51,28700,304,467,TRUE,TRUE
48239,48,,,491,FALSE,FALSE
40085,40,,,423,FALSE,FALSE
13289,13,31420,356,96,TRUE,TRUE
39099,39,49660,566,404,TRUE,TRUE
01087,01,12220,194,7,TRUE,TRUE
17191,17,,,130,FALSE,FALSE
48437,48,,,488,FALSE,FALSE
29151,29,27620,190,288,TRUE,TRUE
17089,17,16980,176,132,TRUE,TRUE
06017,06,40900,472,40,TRUE,TRUE
45055,45,17900,192,450,TRUE,TRUE
37073,37,47260,545,379,TRUE,TRUE
08089,08,,,60,FALSE,FALSE
41019,41,40700,,429,TRUE,FALSE
42089,42,20700,106,447,TRUE,TRUE
05101,05,25460,,24,TRUE,FALSE
38019,38,,,270,FALSE,FALSE
40103,40,,,422,FALSE,FALSE
20063,20,,,192,FALSE,FALSE
22077,22,12940,132,226,TRUE,TRUE
31067,31,13100,339,337,TRUE,TRUE
01115,01,13820,142,5,TRUE,TRUE
28123,28,27140,298,9,TRUE,TRUE
13095,13,10500,,90,TRUE,FALSE
18061,18,31140,350,148,TRUE,TRUE
16017,16,41760,,114,TRUE,FALSE
13047,13,16860,174,101,TRUE,TRUE
22059,22,,,222,FALSE,FALSE
23027,23,,,228,FALSE,FALSE
24027,24,12580,548,232,TRUE,TRUE
49035,49,41620,482,517,TRUE,TRUE
12087,12,28580,370,78,TRUE,TRUE
39157,39,35420,184,401,TRUE,TRUE
09110,09,25540,405,70,TRUE,TRUE
09120,09,14860,408,70,TRUE,TRUE
09130,09,25540,405,70,TRUE,TRUE
09140,09,47930,405,70,TRUE,TRUE
09150,09,39480,405,70,TRUE,TRUE
09160,09,45860,405,70,TRUE,TRUE
09170,09,35300,405,70,TRUE,TRUE
09180,09,35980,405,70,TRUE,TRUE
09190,09,14860,408,70,TRUE,TRUE
36085,36,35620,408,360,TRUE,TRUE
39071,39,,,403,FALSE,FALSE
27077,27,,,272,FALSE,FALSE
16011,16,13940,292,110,TRUE,TRUE
45045,45,24860,273,448,TRUE,TRUE
46085,46,,,456,FALSE,FALSE
55121,55,,,276,FALSE,FALSE
06113,06,40900,472,43,TRUE,TRUE
48431,48,,,495,FALSE,FALSE
48495,48,,,354,FALSE,FALSE
46071,46,,,461,FALSE,FALSE
49041,49,,,518,FALSE,FALSE
51036,51,40060,,525,TRUE,FALSE
01023,01,,,9,FALSE,FALSE
18083,18,47180,,133,TRUE,FALSE
31047,31,30420,,332,TRUE,FALSE
20057,20,19980,,184,TRUE,FALSE
38105,38,48780,,321,TRUE,FALSE
38017,38,22020,244,259,TRUE,TRUE
17069,17,,,134,FALSE,FALSE
31005,31,,,326,FALSE,FALSE
48163,48,,,480,FALSE,FALSE
19103,19,26980,168,160,TRUE,TRUE
20133,20,,,173,FALSE,FALSE
21089,21,26580,170,206,TRUE,TRUE
20107,20,28140,312,174,TRUE,TRUE
49017,49,,,518,FALSE,FALSE
32011,32,21220,,341,TRUE,FALSE
31085,31,,,334,FALSE,FALSE
08095,08,,,67,FALSE,FALSE
05013,05,15780,,25,TRUE,FALSE
02090,02,21820,,570,TRUE,FALSE
21101,21,25775,241,211,TRUE,TRUE
28051,28,27140,298,279,TRUE,TRUE
28105,28,44260,523,282,TRUE,TRUE
30027,30,,,311,FALSE,FALSE
24023,24,,,231,FALSE,FALSE
22119,22,33380,508,224,TRUE,TRUE
26059,26,25880,,254,TRUE,FALSE
21141,21,,,200,FALSE,FALSE
46033,46,39660,452,457,TRUE,TRUE
33013,33,18180,148,343,TRUE,TRUE
42133,42,49620,276,440,TRUE,TRUE
37161,37,22580,,385,TRUE,FALSE
46005,46,26700,,453,TRUE,FALSE
01043,01,18980,142,5,TRUE,TRUE
13097,13,12060,122,100,TRUE,TRUE
31097,31,,,287,FALSE,FALSE
37187,37,,,374,FALSE,FALSE
46075,46,,,335,FALSE,FALSE
37007,37,16740,172,372,TRUE,TRUE
02100,02,,,572,FALSE,FALSE
38007,38,19860,,323,TRUE,FALSE
31003,31,,,325,FALSE,FALSE
29073,29,,,140,FALSE,FALSE
21031,21,14540,150,200,TRUE,TRUE
56005,56,23940,,560,TRUE,FALSE
13211,13,12060,122,91,TRUE,TRUE
05037,05,,,20,FALSE,FALSE
05107,05,,,20,FALSE,FALSE
22093,22,35380,406,220,TRUE,TRUE
06115,06,49700,472,43,TRUE,TRUE
01117,01,13820,142,5,TRUE,TRUE
08091,08,,,61,FALSE,FALSE
35009,35,17580,,352,TRUE,FALSE
40149,40,48220,555,414,TRUE,TRUE
37135,37,20500,450,381,TRUE,TRUE
18131,18,,,147,FALSE,FALSE
26019,26,45900,,243,TRUE,FALSE
36029,36,15380,160,359,TRUE,TRUE
24031,24,47900,548,233,TRUE,TRUE
51685,51,47900,548,73,TRUE,TRUE
51013,51,47900,548,73,TRUE,TRUE
51035,51,,,371,FALSE,FALSE
29183,29,41180,476,140,TRUE,TRUE
06069,06,41940,488,51,TRUE,TRUE
24035,24,12580,548,71,TRUE,TRUE
20013,20,,,179,FALSE,FALSE
13031,13,44340,496,98,TRUE,TRUE
21071,21,38210,,216,TRUE,FALSE
30007,30,25740,,305,TRUE,FALSE
13309,13,,,104,FALSE,FALSE
37049,37,35100,404,380,TRUE,TRUE
29087,29,,,175,FALSE,FALSE
48295,48,,,424,FALSE,FALSE
41009,41,38900,440,427,TRUE,TRUE
45041,45,22500,,452,TRUE,FALSE
38061,38,,,389,FALSE,FALSE
49053,49,41100,,342,TRUE,FALSE
30003,30,,,303,FALSE,FALSE
42047,42,41260,,445,TRUE,FALSE
31165,31,,,327,FALSE,FALSE
28031,28,,,284,FALSE,FALSE
18013,18,26900,294,144,TRUE,TRUE
18019,18,31140,350,148,TRUE,TRUE
21021,21,19220,,207,TRUE,FALSE
21065,21,40080,336,213,TRUE,TRUE
48087,48,,,494,FALSE,FALSE
48089,48,,,496,FALSE,FALSE
17063,17,16980,176,132,TRUE,TRUE
27081,27,,,264,FALSE,FALSE
13109,13,44340,496,98,TRUE,TRUE
48497,48,19100,206,508,TRUE,TRUE
02050,02,,,568,FALSE,FALSE
13307,13,,,105,FALSE,FALSE
13169,13,31420,356,96,TRUE,TRUE
13135,13,12060,122,92,TRUE,TRUE
55095,55,,,552,FALSE,FALSE
55045,55,31540,357,555,TRUE,TRUE
36079,36,35620,408,366,TRUE,TRUE
51700,51,47260,545,536,TRUE,TRUE
08011,08,,,57,FALSE,FALSE
40065,40,11060,,420,TRUE,FALSE
30089,30,,,322,FALSE,FALSE
48173,48,,,476,FALSE,FALSE
05047,05,,,31,FALSE,FALSE
40093,40,,,412,FALSE,FALSE
47125,47,17300,,212,TRUE,FALSE
53051,53,,,114,FALSE,FALSE
38055,38,,,390,FALSE,FALSE
41027,41,26220,,434,TRUE,FALSE
19197,19,,,169,FALSE,FALSE
48419,48,,,511,FALSE,FALSE
29055,29,,,140,FALSE,FALSE
51017,51,,,524,FALSE,FALSE
27111,27,22260,,268,TRUE,FALSE
22075,22,35380,406,220,TRUE,TRUE
28115,28,,,277,FALSE,FALSE
22067,22,33740,384,223,TRUE,TRUE
21029,21,31140,350,148,TRUE,TRUE
01047,01,42820,388,4,TRUE,TRUE
48093,48,,,490,FALSE,FALSE
30053,30,,,312,FALSE,FALSE
27021,27,14660,,257,TRUE,FALSE
08007,08,,,56,FALSE,FALSE
28163,28,27140,298,279,TRUE,TRUE
55087,55,11540,118,554,TRUE,TRUE
29107,29,28140,312,174,TRUE,TRUE
37195,37,48980,468,384,TRUE,TRUE
39117,39,18140,198,397,TRUE,TRUE
30039,30,,,310,FALSE,FALSE
38031,38,,,392,FALSE,FALSE
05033,05,22900,,31,TRUE,FALSE
48053,48,,,482,FALSE,FALSE
29186,29,,,300,FALSE,FALSE
48179,48,37420,,506,TRUE,FALSE
17109,17,31380,,126,TRUE,FALSE
19137,19,,,156,FALSE,FALSE
05067,05,,,34,FALSE,FALSE
48229,48,21340,238,353,TRUE,TRUE
22079,22,10780,,222,TRUE,FALSE
31111,31,35820,,326,TRUE,FALSE
48067,48,,,36,FALSE,FALSE
47079,47,37540,,466,TRUE,FALSE
51840,51,49020,548,532,TRUE,TRUE
37061,37,,,383,FALSE,FALSE
37087,37,48200,120,106,TRUE,TRUE
27037,27,33460,378,258,TRUE,TRUE
41025,41,,,433,FALSE,FALSE
55001,55,,,550,FALSE,FALSE
29045,29,,,135,FALSE,FALSE
21015,21,17140,178,205,TRUE,TRUE
21229,21,,,199,FALSE,FALSE
22009,22,,,222,FALSE,FALSE
28137,28,32820,368,32,TRUE,TRUE
29227,29,,,299,FALSE,FALSE
31163,31,,,332,FALSE,FALSE
46021,46,,,395,FALSE,FALSE
46063,46,,,462,FALSE,FALSE
26057,26,10940,394,244,TRUE,TRUE
19175,19,,,156,FALSE,FALSE
17127,17,37140,424,139,TRUE,TRUE
31113,31,35820,,326,TRUE,FALSE
31121,31,24260,,336,TRUE,FALSE
31161,31,,,330,FALSE,FALSE
21039,21,37140,424,139,TRUE,TRUE
56025,56,16220,,562,TRUE,FALSE
13321,13,10500,,90,TRUE,FALSE
18109,18,26900,294,146,TRUE,TRUE
48139,48,19100,206,423,TRUE,TRUE
13229,13,48180,,97,TRUE,FALSE
18053,18,31980,,145,TRUE,FALSE
12035,12,19660,422,84,TRUE,TRUE
28077,28,,,278,FALSE,FALSE
22127,22,,,224,FALSE,FALSE
17073,17,19340,209,136,TRUE,TRUE
41041,41,35440,,437,TRUE,FALSE
23031,23,38860,438,228,TRUE,TRUE
46029,46,47980,,454,TRUE,FALSE
13231,13,12060,122,100,TRUE,TRUE
13259,13,17980,194,105,TRUE,TRUE
34025,34,35620,408,348,TRUE,TRUE
05021,05,,,27,FALSE,FALSE
05045,05,30780,340,30,TRUE,TRUE
40041,40,,,417,FALSE,FALSE
19107,19,,,158,FALSE,FALSE
17061,17,,,126,FALSE,FALSE
27075,27,,,263,FALSE,FALSE
13285,13,29300,122,7,TRUE,TRUE
06023,06,21700,,46,TRUE,FALSE
47043,47,34980,400,468,TRUE,TRUE
27003,27,33460,378,258,TRUE,TRUE
46009,46,,,333,FALSE,FALSE
47059,47,24620,304,467,TRUE,TRUE
51183,51,40060,,525,TRUE,FALSE
18141,18,43780,515,151,TRUE,TRUE
38067,38,,,270,FALSE,FALSE
46007,46,,,330,FALSE,FALSE
22115,22,,,219,FALSE,FALSE
23019,23,12620,,230,TRUE,FALSE
24041,24,20660,548,71,TRUE,TRUE
13257,13,45740,,92,TRUE,FALSE
06065,06,40140,348,18,TRUE,TRUE
05005,05,34260,,22,TRUE,FALSE
28007,28,,,279,FALSE,FALSE
19169,19,11180,218,162,TRUE,TRUE
20011,20,,,178,FALSE,FALSE
51049,51,,,530,FALSE,FALSE
45085,45,44940,192,450,TRUE,TRUE
02164,02,,,569,FALSE,FALSE
54109,54,,,548,FALSE,FALSE
06029,06,12540,,47,TRUE,FALSE
48097,48,23620,206,423,TRUE,TRUE
45075,45,36700,192,450,TRUE,TRUE
55119,55,,,550,FALSE,FALSE
27099,27,12380,462,165,TRUE,TRUE
27101,27,,,266,FALSE,FALSE
44007,44,39300,148,236,TRUE,TRUE
29161,29,40620,,297,TRUE,FALSE
28117,28,46180,539,277,TRUE,TRUE
21235,21,18340,371,213,TRUE,TRUE
18149,18,,,151,FALSE,FALSE
48491,48,12420,,482,TRUE,FALSE
19131,19,,,165,FALSE,FALSE
13107,13,,,98,FALSE,FALSE
22025,22,,,222,FALSE,FALSE
42025,42,10900,106,443,TRUE,TRUE
31133,31,,,179,FALSE,FALSE
47171,47,27740,304,467,TRUE,TRUE
45083,45,43900,273,385,TRUE,TRUE
55073,55,48140,554,550,TRUE,TRUE
32007,32,21220,,341,TRUE,FALSE
54007,54,,,547,FALSE,FALSE
26165,26,15620,,255,TRUE,FALSE
48079,48,31180,352,485,TRUE,TRUE
42013,42,11020,107,442,TRUE,TRUE
29085,29,,,289,FALSE,FALSE
29009,29,,,289,FALSE,FALSE
27123,27,33460,378,258,TRUE,TRUE
05081,05,45500,,36,TRUE,FALSE
32019,32,39900,456,40,TRUE,TRUE
12071,12,15980,163,81,TRUE,TRUE
41033,41,24420,366,435,TRUE,TRUE
28113,28,32620,,278,TRUE,FALSE
47031,47,46100,400,465,TRUE,TRUE
16059,16,,,118,FALSE,FALSE
21183,21,,,215,FALSE,FALSE
31153,31,36540,420,170,TRUE,TRUE
13071,13,34220,,90,TRUE,FALSE
27167,27,47420,244,259,TRUE,TRUE
17157,17,,,122,FALSE,FALSE
23011,23,12300,,228,TRUE,FALSE
51173,51,,,371,FALSE,FALSE
35041,35,17580,,352,TRUE,FALSE
42111,42,43740,306,442,TRUE,TRUE
51191,51,28700,304,467,TRUE,TRUE
37081,37,24660,268,382,TRUE,TRUE
16001,16,14260,147,108,TRUE,TRUE
40039,40,48220,555,414,TRUE,TRUE
39101,39,32020,198,397,TRUE,TRUE
17149,17,,,121,FALSE,FALSE
17203,17,37900,427,125,TRUE,TRUE
13245,13,12260,,99,TRUE,FALSE
01107,01,46220,,4,TRUE,FALSE
40045,40,,,419,FALSE,FALSE
17145,17,,,122,FALSE,FALSE
19075,19,47940,,161,TRUE,FALSE
08107,08,44460,,68,TRUE,FALSE
34035,34,35620,408,347,TRUE,TRUE
06011,06,,,43,FALSE,FALSE
17087,17,,,122,FALSE,FALSE
08053,08,,,64,FALSE,FALSE
16031,16,15420,,116,TRUE,FALSE
27059,27,33460,378,258,TRUE,TRUE
42049,42,21500,240,363,TRUE,TRUE
28029,28,27140,298,279,TRUE,TRUE
48467,48,,,475,FALSE,FALSE
51161,51,40220,,528,TRUE,FALSE
51015,51,44420,277,527,TRUE,TRUE
02060,02,,,569,FALSE,FALSE
49031,49,,,518,FALSE,FALSE
21161,21,,,208,FALSE,FALSE
27009,27,41060,378,260,TRUE,TRUE
48129,48,,,479,FALSE,FALSE
12005,12,37460,,76,TRUE,FALSE
01077,01,22520,250,10,TRUE,TRUE
18045,18,,,141,FALSE,FALSE
17173,17,,,128,FALSE,FALSE
17051,17,,,123,FALSE,FALSE
39127,39,18140,198,406,TRUE,TRUE
51590,51,19260,,369,TRUE,FALSE
13011,13,,,92,FALSE,FALSE
13305,13,27700,496,98,TRUE,TRUE
40109,40,36420,416,415,TRUE,TRUE
40069,40,,,413,FALSE,FALSE
37099,37,,,106,FALSE,FALSE
49043,49,25720,482,517,TRUE,TRUE
29167,29,44180,,289,TRUE,FALSE
32015,32,,,341,FALSE,FALSE
19191,19,,,166,FALSE,FALSE
21023,21,17140,178,208,TRUE,TRUE
55037,55,27020,361,251,TRUE,TRUE
54087,54,,,546,FALSE,FALSE
27159,27,,,268,FALSE,FALSE
51670,51,40060,,525,TRUE,FALSE
17201,17,40420,466,124,TRUE,TRUE
04007,04,37740,429,16,TRUE,TRUE
24045,24,41540,480,71,TRUE,TRUE
21043,21,26580,170,206,TRUE,TRUE
37097,37,16740,172,372,TRUE,TRUE
51083,51,,,530,FALSE,FALSE
37091,37,,,375,FALSE,FALSE
36057,36,11220,104,358,TRUE,TRUE
27113,27,,,274,FALSE,FALSE
53073,53,13380,,542,TRUE,FALSE
41021,41,,,431,FALSE,FALSE
34029,34,35620,408,348,TRUE,TRUE
05009,05,25460,,24,TRUE,FALSE
40031,40,30020,334,416,TRUE,TRUE
48253,48,10180,101,492,TRUE,TRUE
48185,48,,,486,FALSE,FALSE
26049,26,22420,220,252,TRUE,TRUE
22007,22,12940,132,221,TRUE,TRUE
28013,28,,,277,FALSE,FALSE
28041,28,,,285,FALSE,FALSE
30017,30,,,308,FALSE,FALSE
46109,46,,,261,FALSE,FALSE
17141,17,40300,466,124,TRUE,TRUE
38077,38,47420,244,259,TRUE,TRUE
55005,55,39960,,552,TRUE,FALSE
55051,55,,,253,FALSE,FALSE
27157,27,40340,462,267,TRUE,TRUE
06015,06,18860,152,44,TRUE,TRUE
40127,40,,,38,FALSE,FALSE
53007,53,48300,,540,TRUE,FALSE
26141,26,,,240,FALSE,FALSE
40027,40,36420,416,415,TRUE,TRUE
36105,36,33910,408,366,TRUE,TRUE
37149,37,,,385,FALSE,FALSE
37165,37,29900,246,376,TRUE,TRUE
37085,37,11360,450,376,TRUE,TRUE
37105,37,41820,450,376,TRUE,TRUE
18159,18,26900,294,146,TRUE,TRUE
20027,20,,,185,FALSE,FALSE
40145,40,46140,538,418,TRUE,TRUE
30083,30,,,321,FALSE,FALSE
05003,05,,,21,FALSE,FALSE
05041,05,,,21,FALSE,FALSE
47135,47,,,474,FALSE,FALSE
27163,27,33460,378,258,TRUE,TRUE
51740,51,47260,545,379,TRUE,TRUE
42051,42,38300,430,441,TRUE,TRUE
54023,54,,,231,FALSE,FALSE
51171,51,,,527,FALSE,FALSE
48235,48,41660,,495,TRUE,FALSE
29025,29,28140,312,175,TRUE,TRUE
12107,12,37260,300,75,TRUE,TRUE
18025,18,,,148,FALSE,FALSE
29111,29,39500,448,121,TRUE,TRUE
31075,31,,,339,FALSE,FALSE
16071,16,14940,482,119,TRUE,TRUE
17139,17,,,128,FALSE,FALSE
21107,21,31580,,211,TRUE,FALSE
16035,16,,,117,FALSE,FALSE
21013,21,33180,371,204,TRUE,TRUE
27035,27,14660,,257,TRUE,FALSE
04009,04,40940,,17,TRUE,FALSE
05123,05,22620,368,20,TRUE,TRUE
13101,13,46660,,95,TRUE,FALSE
02070,02,,,571,FALSE,FALSE
20105,20,,,190,FALSE,FALSE
20183,20,,,195,FALSE,FALSE
12065,12,45220,533,86,TRUE,TRUE
28005,28,,,278,FALSE,FALSE
05097,05,,,26,FALSE,FALSE
26025,26,12980,310,246,TRUE,TRUE
01029,01,,,6,FALSE,FALSE
08123,08,24540,216,66,TRUE,TRUE
40009,40,21120,555,414,TRUE,TRUE
06049,06,,,50,FALSE,FALSE
19153,19,19780,218,155,TRUE,TRUE
13179,13,25980,496,98,TRUE,TRUE
48349,48,18620,206,423,TRUE,TRUE
48047,48,10860,204,489,TRUE,TRUE
47187,47,34980,400,468,TRUE,TRUE
56021,56,16940,,327,TRUE,FALSE
53003,53,30300,,117,TRUE,FALSE
27155,27,,,261,FALSE,FALSE
17017,17,,,126,FALSE,FALSE
13247,13,12060,122,100,TRUE,TRUE
42067,42,,,446,FALSE,FALSE
42083,42,14620,,445,TRUE,FALSE
40049,40,,,413,FALSE,FALSE
31021,31,,,170,FALSE,FALSE
35045,35,22140,,56,TRUE,FALSE
36073,36,40380,464,368,TRUE,TRUE
22031,22,43340,508,224,TRUE,TRUE
06019,06,23420,260,45,TRUE,TRUE
13105,13,,,103,FALSE,FALSE
01005,01,21640,,3,TRUE,FALSE
37017,37,,,376,FALSE,FALSE
48111,48,,,357,FALSE,FALSE
17167,17,44100,522,126,TRUE,TRUE
40035,40,,,417,FALSE,FALSE
47035,47,18900,,472,TRUE,FALSE
26137,26,,,250,FALSE,FALSE
19161,19,,,163,FALSE,FALSE
49015,49,,,515,FALSE,FALSE
53019,53,,,114,FALSE,FALSE
30109,30,,,323,FALSE,FALSE
35027,35,40760,,355,TRUE,FALSE
40021,40,45140,,411,TRUE,FALSE
27173,27,,,264,FALSE,FALSE
48231,48,19100,206,497,TRUE,TRUE
48335,48,,,501,FALSE,FALSE
48499,48,,,475,FALSE,FALSE
40113,40,46140,538,418,TRUE,TRUE
37039,37,,,107,FALSE,FALSE
26107,26,13660,266,255,TRUE,TRUE
21195,21,38210,,216,TRUE,FALSE
12067,12,,,82,FALSE,FALSE
37035,37,25860,172,370,TRUE,TRUE
21025,21,,,209,FALSE,FALSE
48075,48,,,494,FALSE,FALSE
29181,29,,,292,FALSE,FALSE
17179,17,37900,427,125,TRUE,TRUE
48243,48,,,487,FALSE,FALSE
51678,51,,,538,FALSE,FALSE
05135,05,,,33,FALSE,FALSE
08069,08,22660,,66,TRUE,FALSE
37177,37,,,374,FALSE,FALSE
27131,27,22060,378,262,TRUE,TRUE
29219,29,41180,476,140,TRUE,TRUE
21227,21,14540,150,200,TRUE,TRUE
22017,22,43340,508,224,TRUE,TRUE
46121,46,,,335,FALSE,FALSE
19127,19,32260,,161,TRUE,FALSE
40141,40,,,416,FALSE,FALSE
37113,37,,,106,FALSE,FALSE
54063,54,,,548,FALSE,FALSE
18155,18,,,149,FALSE,FALSE
21105,21,,,139,FALSE,FALSE
01061,01,20020,222,3,TRUE,TRUE
17099,17,36837,176,125,TRUE,TRUE
19055,19,,,138,FALSE,FALSE
20127,20,,,185,FALSE,FALSE
19051,19,,,158,FALSE,FALSE
16015,16,14260,147,108,TRUE,TRUE
55081,55,43890,317,269,TRUE,TRUE
37143,37,,,379,FALSE,FALSE
12047,12,,,82,FALSE,FALSE
02170,02,11260,,567,TRUE,FALSE
18035,18,34620,294,145,TRUE,TRUE
12075,12,23540,264,74,TRUE,TRUE
28045,28,25060,,285,TRUE,FALSE
13315,13,,,94,FALSE,FALSE
22081,22,,,224,FALSE,FALSE
47093,47,28940,315,464,TRUE,TRUE
23017,23,,,228,FALSE,FALSE
29095,29,28140,312,174,TRUE,TRUE
13281,13,,,107,FALSE,FALSE
28129,28,,,284,FALSE,FALSE
16075,16,36620,147,108,TRUE,TRUE
16079,16,,,112,FALSE,FALSE
37095,37,,,374,FALSE,FALSE
19067,19,,,165,FALSE,FALSE
21145,21,37140,424,139,TRUE,TRUE
21225,21,,,211,FALSE,FALSE
46125,46,43620,,275,TRUE,FALSE
47029,47,35460,315,471,TRUE,TRUE
47067,47,,,204,FALSE,FALSE
47071,47,,,469,FALSE,FALSE
45067,45,,,452,FALSE,FALSE
22117,22,14220,406,220,TRUE,TRUE
29207,29,,,291,FALSE,FALSE
13093,13,,,94,FALSE,FALSE
27145,27,41060,378,260,TRUE,TRUE
31155,31,36540,420,337,TRUE,TRUE
27141,27,33460,378,260,TRUE,TRUE
46035,46,33580,,453,TRUE,FALSE
47025,47,,,204,FALSE,FALSE
48337,48,,,423,FALSE,FALSE
48049,48,15220,,490,TRUE,FALSE
55101,55,39540,376,132,TRUE,TRUE
55115,55,43020,267,553,TRUE,TRUE
19009,19,,,159,FALSE,FALSE
48207,48,,,483,FALSE,FALSE
40083,40,36420,416,415,TRUE,TRUE
36065,36,46540,,362,TRUE,FALSE
08065,08,14720,,62,TRUE,FALSE
40121,40,32540,,421,TRUE,FALSE
54017,54,17220,242,547,TRUE,TRUE
54105,54,37620,425,408,TRUE,TRUE
33003,33,,,343,FALSE,FALSE
54095,54,,,400,FALSE,FALSE
27079,27,33460,378,262,TRUE,TRUE
53017,53,48300,,540,TRUE,FALSE
36009,36,36460,160,359,TRUE,TRUE
55027,55,13180,376,554,TRUE,TRUE
19105,19,16300,168,160,TRUE,TRUE
20007,20,,,176,FALSE,FALSE
29169,29,22780,,297,TRUE,FALSE
01045,01,37120,222,3,TRUE,TRUE
20109,20,,,192,FALSE,FALSE
06039,06,23420,260,45,TRUE,TRUE
29075,29,,,299,FALSE,FALSE
31009,31,,,328,FALSE,FALSE
49009,49,,,516,FALSE,FALSE
56031,56,,,564,FALSE,FALSE
37071,37,16740,172,372,TRUE,TRUE
35019,35,,,351,FALSE,FALSE
30037,30,,,306,FALSE,FALSE
37101,37,39580,450,381,TRUE,TRUE
06085,06,41940,488,51,TRUE,TRUE
45019,45,16700,,451,TRUE,FALSE
53005,53,28420,314,438,TRUE,TRUE
29001,29,28860,,286,TRUE,FALSE
39043,39,41780,184,407,TRUE,TRUE
17183,17,19180,169,141,TRUE,TRUE
29189,29,41180,476,140,TRUE,TRUE
17007,17,40420,466,124,TRUE,TRUE
06103,06,39780,454,42,TRUE,TRUE
55025,55,31540,357,555,TRUE,TRUE
48151,48,,,501,FALSE,FALSE
22085,22,,,224,FALSE,FALSE
17137,17,27300,522,126,TRUE,TRUE
13235,13,,,96,FALSE,FALSE
37015,37,,,375,FALSE,FALSE
37167,37,10620,172,372,TRUE,TRUE
47143,47,,,101,FALSE,FALSE
37079,37,,,383,FALSE,FALSE
21131,21,,,209,FALSE,FALSE
24039,24,41540,480,71,TRUE,TRUE
17123,17,37900,427,125,TRUE,TRUE
21143,21,,,211,FALSE,FALSE
48095,48,,,495,FALSE,FALSE
48081,48,,,495,FALSE,FALSE
47133,47,18260,,470,TRUE,FALSE
26063,26,,,252,FALSE,FALSE
26069,26,,,240,FALSE,FALSE
13069,13,20060,,89,TRUE,FALSE
13299,13,48180,,97,TRUE,FALSE
38037,38,,,390,FALSE,FALSE
22051,22,35380,406,220,TRUE,TRUE
22103,22,43640,406,220,TRUE,TRUE
19083,19,,,169,FALSE,FALSE
22023,22,29340,324,219,TRUE,TRUE
39027,39,48940,178,403,TRUE,TRUE
27137,27,20260,228,263,TRUE,TRUE
39093,39,17410,184,398,TRUE,TRUE
19015,19,11180,218,162,TRUE,TRUE
48373,48,,,477,FALSE,FALSE
31051,31,,,325,FALSE,FALSE
24025,24,12580,548,232,TRUE,TRUE
45037,45,12260,,449,TRUE,FALSE
51001,51,,,522,FALSE,FALSE
55015,55,11540,118,554,TRUE,TRUE
21121,21,18340,371,213,TRUE,TRUE
26067,26,24340,266,242,TRUE,TRUE
37129,37,48900,,377,TRUE,FALSE
47131,47,46460,542,139,TRUE,TRUE
21035,21,34660,,139,TRUE,FALSE
51003,51,16820,,523,TRUE,FALSE
47147,47,34980,400,468,TRUE,TRUE
51043,51,47900,548,532,TRUE,TRUE
53023,53,,,117,FALSE,FALSE
21109,21,,,213,FALSE,FALSE
27031,27,,,265,FALSE,FALSE
45073,45,42860,273,448,TRUE,TRUE
22033,22,12940,132,226,TRUE,TRUE
28021,28,,,225,FALSE,FALSE
24037,24,30500,548,73,TRUE,TRUE
26081,26,24340,266,242,TRUE,TRUE
37147,37,24780,274,383,TRUE,TRUE
30009,30,13740,,306,TRUE,FALSE
31167,31,35740,,325,TRUE,FALSE
13001,13,,,89,FALSE,FALSE
19099,19,19780,218,155,TRUE,TRUE
28153,28,,,284,FALSE,FALSE
48101,48,,,494,FALSE,FALSE
51081,51,,,375,FALSE,FALSE
12105,12,29460,422,87,TRUE,TRUE
48503,48,,,499,FALSE,FALSE
01123,01,10760,194,6,TRUE,TRUE
33015,33,14460,148,343,TRUE,TRUE
08105,08,,,55,FALSE,FALSE
19149,19,30180,512,172,TRUE,TRUE
36123,36,,,368,FALSE,FALSE
53033,53,42660,500,542,TRUE,TRUE
41017,41,13460,,430,TRUE,FALSE
19155,19,36540,420,170,TRUE,TRUE
29229,29,,,298,FALSE,FALSE
30101,30,,,314,FALSE,FALSE
36107,36,13780,,361,TRUE,FALSE
48287,48,,,482,FALSE,FALSE
13121,13,12060,122,100,TRUE,TRUE
48073,48,27380,540,475,TRUE,TRUE
29007,29,33020,190,288,TRUE,TRUE
45029,45,,,451,FALSE,FALSE
55055,55,48020,376,557,TRUE,TRUE
05055,05,37500,308,27,TRUE,TRUE
48191,48,,,488,FALSE,FALSE
55013,55,,,552,FALSE,FALSE
35057,35,10740,105,349,TRUE,TRUE
53049,53,,,428,FALSE,FALSE
37141,37,48900,,377,TRUE,FALSE
48221,48,24180,206,508,TRUE,TRUE
46117,46,38180,,463,TRUE,FALSE
32031,32,39900,456,40,TRUE,TRUE
21007,21,37140,424,139,TRUE,TRUE
48009,48,48660,,416,TRUE,FALSE
48023,48,,,483,FALSE,FALSE
48405,48,,,511,FALSE,FALSE
32029,32,39900,456,40,TRUE,TRUE
13249,13,11140,,105,TRUE,FALSE
48313,48,,,503,FALSE,FALSE
06077,06,44700,488,41,TRUE,TRUE
28159,28,,,282,FALSE,FALSE
21103,21,31140,350,148,TRUE,TRUE
21167,21,,,207,FALSE,FALSE
31183,31,,,338,FALSE,FALSE
21135,21,,,208,FALSE,FALSE
27051,27,,,268,FALSE,FALSE
28053,28,,,280,FALSE,FALSE
01025,01,,,2,FALSE,FALSE
20017,20,21380,,181,TRUE,FALSE
21221,21,17300,,212,TRUE,FALSE
01069,01,20020,222,3,TRUE,TRUE
46003,46,,,453,FALSE,FALSE
02013,02,,,565,FALSE,FALSE
31061,31,,,332,FALSE,FALSE
24029,24,,,71,FALSE,FALSE
20037,20,38260,,178,TRUE,FALSE
27023,27,,,264,FALSE,FALSE
46103,46,39660,452,457,TRUE,TRUE
45049,45,,,449,FALSE,FALSE
16043,16,39940,292,110,TRUE,TRUE
13029,13,42340,496,98,TRUE,TRUE
51053,51,40060,,525,TRUE,FALSE
12111,12,38940,370,77,TRUE,TRUE
36055,36,40380,464,368,TRUE,TRUE
46083,46,43620,,275,TRUE,FALSE
55017,55,20740,232,276,TRUE,TRUE
20207,20,,,173,FALSE,FALSE
21157,21,,,139,FALSE,FALSE
13065,13,,,95,FALSE,FALSE
13185,13,46660,,95,TRUE,FALSE
15005,15,27980,,585,TRUE,FALSE
15007,15,28180,,588,TRUE,FALSE
26099,26,19820,220,252,TRUE,TRUE
13287,13,45700,,94,TRUE,FALSE
17079,17,,,128,FALSE,FALSE
48331,48,,,484,FALSE,FALSE
18147,18,,,142,FALSE,FALSE
21099,21,,,202,FALSE,FALSE
21137,21,19220,,207,TRUE,FALSE
30005,30,,,304,FALSE,FALSE
51710,51,47260,545,379,TRUE,TRUE
48389,48,45880,,476,TRUE,FALSE
51155,51,13980,,528,TRUE,FALSE
37179,37,16740,172,372,TRUE,TRUE
38053,38,,,321,FALSE,FALSE
12091,12,18880,,83,TRUE,FALSE
06001,06,41860,488,39,TRUE,TRUE
17013,17,41180,476,123,TRUE,TRUE
18085,18,47700,515,143,TRUE,TRUE
28103,28,18060,523,282,TRUE,TRUE
05147,05,,,34,FALSE,FALSE
34015,34,37980,428,346,TRUE,TRUE
33011,33,31700,148,343,TRUE,TRUE
30045,30,,,311,FALSE,FALSE
37121,37,,,378,FALSE,FALSE
30077,30,,,310,FALSE,FALSE
41053,41,41420,440,427,TRUE,TRUE
41065,41,45520,,434,TRUE,FALSE
46105,46,,,386,FALSE,FALSE
19173,19,,,156,FALSE,FALSE
01129,01,,,2,FALSE,FALSE
39039,39,19580,,405,TRUE,FALSE
54025,54,,,548,FALSE,FALSE
17121,17,16460,476,131,TRUE,TRUE
51051,51,,,534,FALSE,FALSE
51007,51,40060,,525,TRUE,FALSE
13243,13,,,3,FALSE,FALSE
35029,35,19700,,17,TRUE,FALSE
48355,48,18580,204,478,TRUE,TRUE
56045,56,,,560,FALSE,FALSE
17187,17,,,136,FALSE,FALSE
01089,01,26620,290,10,TRUE,TRUE
47189,47,34980,400,468,TRUE,TRUE
48063,48,34420,,36,TRUE,FALSE
40067,40,,,416,FALSE,FALSE
54085,54,,,408,FALSE,FALSE
19145,19,,,156,FALSE,FALSE
20087,20,45820,,188,TRUE,FALSE
22045,22,35340,318,218,TRUE,TRUE
02158,02,,,576,FALSE,FALSE
37133,37,27340,,380,TRUE,FALSE
27043,27,,,165,FALSE,FALSE
47057,47,28940,315,471,TRUE,TRUE
48161,48,,,503,FALSE,FALSE
42087,42,30380,,446,TRUE,FALSE
01041,01,,,1,FALSE,FALSE
51520,51,28700,304,467,TRUE,TRUE
48399,48,,,495,FALSE,FALSE
48443,48,,,513,FALSE,FALSE
20153,20,,,183,FALSE,FALSE
20193,20,,,192,FALSE,FALSE
13161,13,,,89,FALSE,FALSE
19035,19,,,163,FALSE,FALSE
05145,05,42620,340,34,TRUE,TRUE
28083,28,24900,,281,TRUE,FALSE
29053,29,17860,190,288,TRUE,TRUE
26043,26,27020,361,251,TRUE,TRUE
17197,17,16980,176,132,TRUE,TRUE
48117,48,25820,,352,TRUE,FALSE
46011,46,15100,,454,TRUE,FALSE
29047,29,28140,312,174,TRUE,TRUE
28027,28,17260,368,283,TRUE,TRUE
18011,18,26900,294,146,TRUE,TRUE
19057,19,15460,161,135,TRUE,TRUE
19163,19,19340,209,136,TRUE,TRUE
20143,20,41460,,190,TRUE,FALSE
12023,12,29380,264,82,TRUE,TRUE
12059,12,,,76,FALSE,FALSE
28047,28,25060,,285,TRUE,FALSE
47011,47,17420,174,101,TRUE,TRUE
27017,27,20260,228,263,TRUE,TRUE
48315,48,,,507,FALSE,FALSE
36095,36,10580,104,358,TRUE,TRUE
40117,40,46140,538,418,TRUE,TRUE
36007,36,13780,,361,TRUE,FALSE
48291,48,26420,288,481,TRUE,TRUE
39009,39,11900,198,399,TRUE,TRUE
39081,39,48260,430,400,TRUE,TRUE
54083,54,21180,,545,TRUE,FALSE
54049,54,21900,242,547,TRUE,TRUE
34011,34,47220,428,346,TRUE,TRUE
06057,06,46020,472,43,TRUE,TRUE
55031,55,20260,228,263,TRUE,TRUE
21199,21,43700,,214,TRUE,FALSE
37065,37,40580,468,384,TRUE,TRUE
48241,48,,,219,FALSE,FALSE
49001,49,,,342,FALSE,FALSE
13213,13,19140,174,93,TRUE,TRUE
18075,18,,,145,FALSE,FALSE
26117,26,24340,266,244,TRUE,TRUE
36083,36,10580,104,358,TRUE,TRUE
12021,12,34940,163,81,TRUE,TRUE
35031,35,23700,,13,TRUE,FALSE
13017,13,22340,,94,TRUE,FALSE
05077,05,,,20,FALSE,FALSE
12003,12,27260,300,75,TRUE,TRUE
13173,13,46660,,95,TRUE,FALSE
20159,20,,,193,FALSE,FALSE
01015,01,11500,,6,TRUE,FALSE
28059,28,25060,,285,TRUE,FALSE
21037,21,17140,178,205,TRUE,TRUE
21057,21,,,214,FALSE,FALSE
28107,28,,,283,FALSE,FALSE
48195,48,,,424,FALSE,FALSE
48071,48,26420,288,481,TRUE,TRUE
13239,13,21640,,3,TRUE,FALSE
48199,48,13140,,219,TRUE,FALSE
39143,39,23380,184,407,TRUE,TRUE
23021,23,,,230,FALSE,FALSE
17153,17,,,122,FALSE,FALSE
40107,40,,,418,FALSE,FALSE
26145,26,40980,474,244,TRUE,TRUE
35039,35,21580,105,349,TRUE,TRUE
50005,50,,,345,FALSE,FALSE
51023,51,40220,,528,TRUE,FALSE
17119,17,41180,476,123,TRUE,TRUE
48085,48,19100,206,423,TRUE,TRUE
45001,45,24940,273,448,TRUE,TRUE
31053,31,23340,420,170,TRUE,TRUE
12115,12,35840,412,79,TRUE,TRUE
55077,55,,,555,FALSE,FALSE
04015,04,29420,,18,TRUE,FALSE
04025,04,39150,,15,TRUE,FALSE
45051,45,34820,396,452,TRUE,TRUE
42091,42,37980,428,72,TRUE,TRUE
16061,16,,,117,FALSE,FALSE
51720,51,,,534,FALSE,FALSE
34027,34,35620,408,347,TRUE,TRUE
29211,29,,,286,FALSE,FALSE
20135,20,,,196,FALSE,FALSE
48039,48,26420,288,481,TRUE,TRUE
51790,51,44420,277,527,TRUE,TRUE
31029,31,,,334,FALSE,FALSE
39113,39,19430,212,402,TRUE,TRUE
48447,48,,,499,FALSE,FALSE
13221,13,12020,122,103,TRUE,TRUE
05029,05,,,30,FALSE,FALSE
29147,29,32340,,299,TRUE,FALSE
38073,38,,,391,FALSE,FALSE
26017,26,13020,474,244,TRUE,TRUE
47157,47,32820,368,32,TRUE,TRUE
06007,06,17020,,42,TRUE,FALSE
27115,27,,,258,FALSE,FALSE
48021,48,12420,,482,TRUE,FALSE
53039,53,,,434,FALSE,FALSE
53055,53,,,544,FALSE,FALSE
55009,55,24580,267,553,TRUE,TRUE
20205,20,,,182,FALSE,FALSE
22069,22,35060,,224,TRUE,FALSE
22109,22,26380,,221,TRUE,FALSE
13155,13,,,94,FALSE,FALSE
02185,02,,,578,FALSE,FALSE
26011,26,,,244,FALSE,FALSE
19111,19,22800,161,135,TRUE,TRUE
20141,20,,,195,FALSE,FALSE
26047,26,37950,,247,TRUE,FALSE
19071,19,,,156,FALSE,FALSE
23015,23,,,228,FALSE,FALSE
36099,36,42900,464,368,TRUE,TRUE
21125,21,18340,371,213,TRUE,TRUE
47121,47,11940,174,101,TRUE,TRUE
29213,29,14700,,289,TRUE,FALSE
13269,13,,,7,FALSE,FALSE
51830,51,47260,545,536,TRUE,TRUE
48415,48,43660,,483,TRUE,FALSE
08047,08,19740,216,54,TRUE,TRUE
40087,40,36420,416,415,TRUE,TRUE
54071,54,,,231,FALSE,FALSE
51139,51,,,527,FALSE,FALSE
40079,40,,,421,FALSE,FALSE
54089,54,,,548,FALSE,FALSE
37119,37,16740,172,372,TRUE,TRUE
34013,34,35620,408,347,TRUE,TRUE
29115,29,,,294,FALSE,FALSE
13209,13,47080,,104,TRUE,FALSE
41055,41,,,434,FALSE,FALSE
13133,13,,,91,FALSE,FALSE
46017,46,,,456,FALSE,FALSE
46095,46,,,335,FALSE,FALSE
48135,48,36220,372,476,TRUE,TRUE
48293,48,,,503,FALSE,FALSE
53027,53,10140,,428,TRUE,FALSE
54003,54,25180,548,532,TRUE,TRUE
30067,30,,,317,FALSE,FALSE
48121,48,19100,206,423,TRUE,TRUE
45021,45,23500,273,385,TRUE,TRUE
37199,37,,,378,FALSE,FALSE
48387,48,37580,,497,TRUE,FALSE
48321,48,13060,288,481,TRUE,TRUE
27149,27,,,268,FALSE,FALSE
13301,13,,,99,FALSE,FALSE
48197,48,,,502,FALSE,FALSE
17133,17,41180,476,140,TRUE,TRUE
13165,13,,,98,FALSE,FALSE
21085,21,,,210,FALSE,FALSE
48363,48,33420,206,508,TRUE,TRUE
13149,13,12060,122,6,TRUE,TRUE
01079,01,19460,290,10,TRUE,TRUE
28093,28,32820,368,32,TRUE,TRUE
20025,20,,,184,FALSE,FALSE
20081,20,,,194,FALSE,FALSE
22013,22,,,223,FALSE,FALSE
13295,13,16860,174,101,TRUE,TRUE
19095,19,,,160,FALSE,FALSE
31019,31,28260,,332,TRUE,FALSE
40007,40,,,194,FALSE,FALSE
19023,19,,,161,FALSE,FALSE
30085,30,,,316,FALSE,FALSE
53015,53,31020,440,427,TRUE,TRUE
48297,48,,,480,FALSE,FALSE
29135,29,27620,190,288,TRUE,TRUE
51193,51,,,531,FALSE,FALSE
37197,37,49180,268,382,TRUE,TRUE
06047,06,32900,488,41,TRUE,TRUE
40043,40,,,419,FALSE,FALSE
37023,37,25860,172,370,TRUE,TRUE
37191,37,24140,,383,TRUE,FALSE
42123,42,47620,,363,TRUE,FALSE
05061,05,,,26,FALSE,FALSE
37059,37,49180,268,382,TRUE,TRUE
37111,37,32000,172,370,TRUE,TRUE
05099,05,,,26,FALSE,FALSE
08125,08,,,67,FALSE,FALSE
48421,48,,,357,FALSE,FALSE
48463,48,46620,,500,TRUE,FALSE
39011,39,47540,338,396,TRUE,TRUE
22015,22,43340,508,224,TRUE,TRUE
19063,19,,,168,FALSE,FALSE
20169,20,41460,,190,TRUE,FALSE
21153,21,,,216,FALSE,FALSE
48017,48,,,352,FALSE,FALSE
29027,29,27620,190,288,TRUE,TRUE
56001,56,29660,,63,TRUE,FALSE
56029,56,17650,,559,TRUE,FALSE
42093,42,44980,146,444,TRUE,TRUE
36081,36,35620,408,360,TRUE,TRUE
12121,12,,,82,FALSE,FALSE
26031,26,,,247,FALSE,FALSE
26051,26,,,244,FALSE,FALSE
21173,21,34460,336,203,TRUE,TRUE
45057,45,16740,172,372,TRUE,TRUE
21123,21,21060,350,210,TRUE,TRUE
19193,19,43580,512,172,TRUE,TRUE
12123,12,,,82,FALSE,FALSE
17003,17,16020,164,122,TRUE,TRUE
29099,29,41180,476,140,TRUE,TRUE
29113,29,41180,476,140,TRUE,TRUE
13051,13,42340,496,98,TRUE,TRUE
12125,12,,,75,FALSE,FALSE
36037,36,12860,464,359,TRUE,TRUE
19041,19,43980,517,168,TRUE,TRUE
30025,30,,,307,FALSE,FALSE
46107,46,,,463,FALSE,FALSE
48109,48,,,353,FALSE,FALSE
23005,23,38860,438,228,TRUE,TRUE
48013,48,41700,484,480,TRUE,TRUE
20095,20,,,180,FALSE,FALSE
13241,13,,,106,FALSE,FALSE
54097,54,,,547,FALSE,FALSE
29215,29,,,298,FALSE,FALSE
05119,05,30780,340,30,TRUE,TRUE
19047,19,,,159,FALSE,FALSE
16005,16,38540,,110,TRUE,FALSE
39055,39,17410,184,398,TRUE,TRUE
06107,06,47300,,45,TRUE,FALSE
36117,36,40380,464,368,TRUE,TRUE
51163,51,,,538,FALSE,FALSE
38095,38,,,394,FALSE,FALSE
42045,42,37980,428,72,TRUE,TRUE
36063,36,15380,160,359,TRUE,TRUE
50003,50,13540,,235,TRUE,FALSE
12019,12,27260,300,75,TRUE,TRUE
37183,37,39580,450,381,TRUE,TRUE
39061,39,17140,178,205,TRUE,TRUE
34003,34,35620,408,347,TRUE,TRUE
32017,32,,,342,FALSE,FALSE
02180,02,,,577,FALSE,FALSE
30055,30,,,316,FALSE,FALSE
19019,19,,,161,FALSE,FALSE
17043,17,16980,176,132,TRUE,TRUE
46047,46,,,457,FALSE,FALSE
27069,27,,,270,FALSE,FALSE
13219,13,12020,122,103,TRUE,TRUE
48493,48,41700,484,480,TRUE,TRUE
31059,31,,,336,FALSE,FALSE
12079,12,,,82,FALSE,FALSE
18153,18,45460,,129,TRUE,FALSE
04012,04,,,18,FALSE,FALSE
13027,13,46660,,95,TRUE,FALSE
02016,02,,,566,FALSE,FALSE
02150,02,,,575,FALSE,FALSE
20185,20,,,177,FALSE,FALSE
13271,13,,,104,FALSE,FALSE
26115,26,33780,220,252,TRUE,TRUE
18181,18,33900,320,141,TRUE,TRUE
18113,18,28340,258,143,TRUE,TRUE
21139,21,37140,424,139,TRUE,TRUE
13201,13,,,86,FALSE,FALSE
47103,47,22190,290,10,TRUE,TRUE
21211,21,31140,350,148,TRUE,TRUE
31185,31,,,336,FALSE,FALSE
42001,42,23900,276,440,TRUE,TRUE
45005,45,,,449,FALSE,FALSE
47037,47,34980,400,468,TRUE,TRUE
49047,49,46860,,516,TRUE,FALSE
49049,49,39340,482,517,TRUE,TRUE
18021,18,45460,,129,TRUE,FALSE
36047,36,35620,408,360,TRUE,TRUE
29141,29,,,293,FALSE,FALSE
39075,39,,,401,FALSE,FALSE
19143,19,,,171,FALSE,FALSE
18079,18,,,144,FALSE,FALSE
16083,16,46300,,113,TRUE,FALSE
17165,17,,,134,FALSE,FALSE
26077,26,28020,310,246,TRUE,TRUE
45061,45,,,450,FALSE,FALSE
56019,56,,,303,FALSE,FALSE
18027,18,47780,,142,TRUE,FALSE
26055,26,45900,,243,TRUE,FALSE
22003,22,,,219,FALSE,FALSE
46065,46,38180,,463,TRUE,FALSE
46069,46,,,456,FALSE,FALSE
45027,45,,,450,FALSE,FALSE
30095,30,13740,,306,TRUE,FALSE
47007,47,,,101,FALSE,FALSE
21219,21,,,200,FALSE,FALSE
47183,47,32280,542,139,TRUE,TRUE
29077,29,44180,,289,TRUE,FALSE
42077,42,10900,106,443,TRUE,TRUE
31159,31,30700,339,337,TRUE,TRUE
36015,36,21300,236,364,TRUE,TRUE
36121,36,,,359,FALSE,FALSE
06099,06,33700,488,41,TRUE,TRUE
42095,42,10900,106,443,TRUE,TRUE
01103,01,19460,290,10,TRUE,TRUE
21027,21,,,210,FALSE,FALSE
28043,28,24980,,281,TRUE,FALSE
21213,21,23190,150,200,TRUE,TRUE
50013,50,15540,162,521,TRUE,TRUE
39029,39,41400,566,404,TRUE,TRUE
51125,51,16820,,523,TRUE,FALSE
12097,12,36740,422,80,TRUE,TRUE
05053,05,30780,340,30,TRUE,TRUE
13175,13,20140,,104,TRUE,FALSE
36061,36,35620,408,360,TRUE,TRUE
05007,05,22220,,23,TRUE,FALSE
12083,12,36100,,80,TRUE,FALSE
51135,51,,,530,FALSE,FALSE
34041,34,10900,106,347,TRUE,TRUE
36021,36,26460,104,358,TRUE,TRUE
51690,51,32300,,537,TRUE,FALSE
40023,40,,,38,FALSE,FALSE
20041,20,,,185,FALSE,FALSE
48427,48,40100,365,478,TRUE,TRUE
13103,13,42340,496,98,TRUE,TRUE
40129,40,,,414,FALSE,FALSE
55103,55,,,555,FALSE,FALSE
35025,35,26020,,354,TRUE,FALSE
01075,01,,,12,FALSE,FALSE
47117,47,30280,400,465,TRUE,TRUE
51011,51,31340,,526,TRUE,FALSE
05087,05,22220,,23,TRUE,FALSE
56033,56,43260,,303,TRUE,FALSE
42041,42,25420,276,440,TRUE,TRUE
42055,42,16540,548,233,TRUE,TRUE
42079,42,42540,,447,TRUE,FALSE
26039,26,,,250,FALSE,FALSE
01113,01,17980,194,7,TRUE,TRUE
39019,39,15940,184,401,TRUE,TRUE
51065,51,16820,,523,TRUE,FALSE
17097,17,16980,176,132,TRUE,TRUE
13195,13,12020,122,103,TRUE,TRUE
05039,05,,,25,FALSE,FALSE
08057,08,,,63,FALSE,FALSE
08063,08,,,59,FALSE,FALSE
16073,16,14260,147,108,TRUE,TRUE
55141,55,49220,554,550,TRUE,TRUE
36013,36,27460,,363,TRUE,FALSE
13067,13,12060,122,100,TRUE,TRUE
47091,47,,,373,FALSE,FALSE
39013,39,48540,,400,TRUE,FALSE
51195,51,,,534,FALSE,FALSE
29035,29,,,292,FALSE,FALSE
40013,40,20460,206,413,TRUE,TRUE
31035,31,25580,,324,TRUE,FALSE
24017,24,47900,548,73,TRUE,TRUE
19033,19,32380,,165,TRUE,FALSE
19073,19,,,162,FALSE,FALSE
21205,21,,,203,FALSE,FALSE
49055,49,,,518,FALSE,FALSE
29031,29,16020,164,291,TRUE,TRUE
53071,53,47460,314,438,TRUE,TRUE
29133,29,43460,164,291,TRUE,TRUE
05025,05,38220,340,21,TRUE,TRUE
48113,48,19100,206,423,TRUE,TRUE
18033,18,12140,258,143,TRUE,TRUE
22073,22,33740,384,223,TRUE,TRUE
22095,22,35380,406,220,TRUE,TRUE
22091,22,12940,132,226,TRUE,TRUE
29197,29,28860,,286,TRUE,FALSE
01059,01,40770,250,10,TRUE,TRUE
21041,21,,,149,FALSE,FALSE
08019,08,19740,216,54,TRUE,TRUE
48267,48,,,509,FALSE,FALSE
26097,26,,,248,FALSE,FALSE
48307,48,,,509,FALSE,FALSE
28141,28,,,277,FALSE,FALSE
48105,48,,,495,FALSE,FALSE
48217,48,,,484,FALSE,FALSE
08075,08,44540,,67,TRUE,FALSE
20055,20,23780,,191,TRUE,FALSE
20125,20,,,182,FALSE,FALSE
45039,45,17900,192,450,TRUE,TRUE
31033,31,,,69,FALSE,FALSE
27091,27,21860,,266,TRUE,FALSE
47155,47,42940,315,471,TRUE,TRUE
47139,47,17420,174,101,TRUE,TRUE
48263,48,,,483,FALSE,FALSE
30099,30,,,304,FALSE,FALSE
31069,31,,,69,FALSE,FALSE
17117,17,41180,476,123,TRUE,TRUE
39141,39,17060,198,410,TRUE,TRUE
17195,17,44580,221,124,TRUE,TRUE
48141,48,21340,238,353,TRUE,TRUE
48301,48,,,354,FALSE,FALSE
40077,40,,,421,FALSE,FALSE
39167,39,31930,425,408,TRUE,TRUE
29091,29,48460,,298,TRUE,FALSE
20047,20,,,184,FALSE,FALSE
21111,21,31140,350,148,TRUE,TRUE
17107,17,30660,522,126,TRUE,TRUE
55139,55,36780,118,554,TRUE,TRUE
21075,21,,,139,FALSE,FALSE
20079,20,48620,556,193,TRUE,TRUE
30021,30,,,308,FALSE,FALSE
54091,54,17220,242,547,TRUE,TRUE
26111,26,33220,474,244,TRUE,TRUE
28119,28,,,283,FALSE,FALSE
21093,21,21060,350,210,TRUE,TRUE
17081,17,34500,,131,TRUE,FALSE
46057,46,,,454,FALSE,FALSE
55069,55,,,550,FALSE,FALSE
36033,36,,,365,FALSE,FALSE
51630,51,47900,548,531,TRUE,TRUE
54081,54,13220,,548,TRUE,FALSE
35005,35,40740,,350,TRUE,FALSE
35049,35,42140,105,349,TRUE,TRUE
06059,06,31080,348,18,TRUE,TRUE
04023,04,35700,536,14,TRUE,TRUE
37053,37,47260,545,379,TRUE,TRUE
17101,17,,,133,FALSE,FALSE
18067,18,29020,294,146,TRUE,TRUE
18125,18,,,142,FALSE,FALSE
21047,21,17300,,212,TRUE,FALSE
26045,26,29620,330,249,TRUE,TRUE
19179,19,36900,,158,TRUE,FALSE
06025,06,20940,,19,TRUE,FALSE
26027,26,43780,515,151,TRUE,TRUE
28157,28,,,278,FALSE,FALSE
02282,02,,,567,FALSE,FALSE
20179,20,,,192,FALSE,FALSE
28079,28,,,9,FALSE,FALSE
28025,28,,,282,FALSE,FALSE
28037,28,,,278,FALSE,FALSE
28099,28,,,9,FALSE,FALSE
46045,46,10100,,455,TRUE,FALSE
01035,01,,,11,FALSE,FALSE
18029,18,17140,178,149,TRUE,TRUE
18071,18,42980,294,144,TRUE,TRUE
28081,28,46180,539,277,TRUE,TRUE
22125,22,12940,132,226,TRUE,TRUE
05035,05,32820,368,32,TRUE,TRUE
12063,12,,,76,FALSE,FALSE
48125,48,,,483,FALSE,FALSE
51115,51,47260,545,536,TRUE,TRUE
38075,38,33500,,389,TRUE,FALSE
48283,48,,,480,FALSE,FALSE
36067,36,45060,532,362,TRUE,TRUE
19087,19,,,135,FALSE,FALSE
31083,31,,,332,FALSE,FALSE
30075,30,,,320,FALSE,FALSE
55091,55,,,276,FALSE,FALSE
04001,04,,,13,FALSE,FALSE
29121,29,,,301,FALSE,FALSE
48279,48,,,352,FALSE,FALSE
20097,20,,,176,FALSE,FALSE
48015,48,26420,288,481,TRUE,TRUE
29061,29,,,296,FALSE,FALSE
13253,13,,,86,FALSE,FALSE
26101,26,,,256,FALSE,FALSE
19119,19,,,171,FALSE,FALSE
48233,48,14420,108,479,TRUE,TRUE
40139,40,25100,,424,TRUE,FALSE
40153,40,49260,,419,TRUE,FALSE
19003,19,,,156,FALSE,FALSE
06101,06,49700,472,43,TRUE,TRUE
42105,42,,,445,FALSE,FALSE
48465,48,19620,,498,TRUE,FALSE
20077,20,,,180,FALSE,FALSE
19133,19,,,172,FALSE,FALSE
49023,49,39340,482,517,TRUE,TRUE
40137,40,20340,334,416,TRUE,TRUE
36017,36,,,361,FALSE,FALSE
17143,17,37900,427,125,TRUE,TRUE
19091,19,,,164,FALSE,FALSE
31177,31,36540,420,170,TRUE,TRUE
55049,55,31540,357,555,TRUE,TRUE
27097,27,,,260,FALSE,FALSE
42003,42,38300,430,441,TRUE,TRUE
29205,29,,,301,FALSE,FALSE
39097,39,18140,198,406,TRUE,TRUE
20201,20,,,186,FALSE,FALSE
17019,17,16580,169,127,TRUE,TRUE
16087,16,,,108,FALSE,FALSE
17045,17,,,129,FALSE,FALSE
08121,08,,,67,FALSE,FALSE
39065,39,,,409,FALSE,FALSE
26113,26,15620,,255,TRUE,FALSE
38093,38,27420,,393,TRUE,FALSE
29203,29,,,298,FALSE,FALSE
48423,48,46340,540,475,TRUE,TRUE
40143,40,46140,538,418,TRUE,TRUE
40091,40,,,411,FALSE,FALSE
48395,48,17780,,486,TRUE,FALSE
48171,48,23240,484,505,TRUE,TRUE
26125,26,19820,220,252,TRUE,TRUE
38033,38,,,323,FALSE,FALSE
56027,56,,,562,FALSE,FALSE
27117,27,,,275,FALSE,FALSE
51099,51,,,531,FALSE,FALSE
53025,53,34180,393,539,TRUE,TRUE
27129,27,,,264,FALSE,FALSE
12001,12,23540,264,74,TRUE,TRUE
31091,31,,,328,FALSE,FALSE
51147,51,,,530,FALSE,FALSE
49007,49,39220,,515,TRUE,FALSE
42017,42,37980,428,72,TRUE,TRUE
46059,46,,,456,FALSE,FALSE
42081,42,48700,558,444,TRUE,TRUE
16057,16,34140,446,117,TRUE,TRUE
13237,13,,,91,FALSE,FALSE
51640,51,,,371,FALSE,FALSE
35037,35,,,351,FALSE,FALSE
48269,48,,,483,FALSE,FALSE
05073,05,,,29,FALSE,FALSE
48451,48,41660,,495,TRUE,FALSE
12049,12,,,87,FALSE,FALSE
39025,39,17140,178,205,TRUE,TRUE
48501,48,,,504,FALSE,FALSE
41071,41,38900,440,427,TRUE,TRUE
19115,19,,,160,FALSE,FALSE
20049,20,,,182,FALSE,FALSE
39121,39,,,408,FALSE,FALSE
39137,39,,,396,FALSE,FALSE
48425,48,,,508,FALSE,FALSE
42075,42,30140,276,440,TRUE,TRUE
30035,30,,,314,FALSE,FALSE
32027,32,,,341,FALSE,FALSE
27087,27,,,259,FALSE,FALSE
34031,34,35620,408,347,TRUE,TRUE
30047,30,,,312,FALSE,FALSE
48261,48,,,478,FALSE,FALSE
48033,48,,,485,FALSE,FALSE
29157,29,,,291,FALSE,FALSE
48411,48,,,482,FALSE,FALSE
40073,40,,,415,FALSE,FALSE
48051,48,17780,,486,TRUE,FALSE
36035,36,24100,104,358,TRUE,TRUE
28133,28,,,280,FALSE,FALSE
27053,27,33460,378,258,TRUE,TRUE
42027,42,44300,524,446,TRUE,TRUE
48025,48,13300,,478,TRUE,FALSE
47077,47,,,469,FALSE,FALSE
19171,19,,,161,FALSE,FALSE
20175,20,30580,,194,TRUE,FALSE
19135,19,,,158,FALSE,FALSE
31147,31,,,179,FALSE,FALSE
17021,17,45380,522,128,TRUE,TRUE
12089,12,27260,300,75,TRUE,TRUE
12133,12,37460,,76,TRUE,FALSE
13007,13,,,90,FALSE,FALSE
13275,13,45620,,86,TRUE,FALSE
21005,21,23180,336,201,TRUE,TRUE
21185,21,31140,350,148,TRUE,TRUE
13057,13,12060,122,102,TRUE,TRUE
38065,38,13900,,390,TRUE,FALSE
26133,26,,,255,FALSE,FALSE
47109,47,,,469,FALSE,FALSE
53001,53,36830,393,539,TRUE,TRUE
29057,29,,,289,FALSE,FALSE
22101,22,34020,,221,TRUE,FALSE
50007,50,15540,162,521,TRUE,TRUE
15009,15,27980,,585,TRUE,FALSE
22057,22,26380,,221,TRUE,FALSE
19139,19,34700,209,160,TRUE,TRUE
12113,12,37860,,83,TRUE,FALSE
18101,18,,,153,FALSE,FALSE
21203,21,40080,336,213,TRUE,TRUE
21223,21,,,149,FALSE,FALSE
13055,13,44900,174,93,TRUE,TRUE
45033,45,,,452,FALSE,FALSE
37103,37,35100,404,380,TRUE,TRUE
29199,29,,,286,FALSE,FALSE
20131,20,,,179,FALSE,FALSE
20137,20,,,187,FALSE,FALSE
31065,31,,,332,FALSE,FALSE
13087,13,12460,533,86,TRUE,TRUE
18177,18,39980,458,152,TRUE,TRUE
21009,21,23980,150,202,TRUE,TRUE
31093,31,24260,,336,TRUE,FALSE
38025,38,19860,,323,TRUE,FALSE
06005,06,,,41,FALSE,FALSE
47049,47,,,472,FALSE,FALSE
20031,20,,,181,FALSE,FALSE
26023,26,17740,,246,TRUE,FALSE
51031,51,31340,,526,TRUE,FALSE
39105,39,,,399,FALSE,FALSE
54067,54,,,549,FALSE,FALSE
40053,40,,,412,FALSE,FALSE
46115,46,,,455,FALSE,FALSE
50027,50,30150,,345,TRUE,FALSE
48455,48,,,477,FALSE,FALSE
35001,35,10740,105,349,TRUE,TRUE
13205,13,,,90,FALSE,FALSE
15001,15,25900,,586,TRUE,FALSE
21147,21,,,214,FALSE,FALSE
21191,21,17140,178,205,TRUE,TRUE
21215,21,31140,350,148,TRUE,TRUE
30041,30,,,304,FALSE,FALSE
31175,31,,,338,FALSE,FALSE
48069,48,,,352,FALSE,FALSE
24043,24,25180,548,233,TRUE,TRUE
21133,21,,,209,FALSE,FALSE
34033,34,37980,428,346,TRUE,TRUE
51680,51,31340,,526,TRUE,FALSE
05125,05,30780,340,30,TRUE,TRUE
54053,54,,,399,FALSE,FALSE
54021,54,,,547,FALSE,FALSE
28063,28,35020,,225,TRUE,FALSE
38079,38,,,394,FALSE,FALSE
30103,30,,,320,FALSE,FALSE
21049,21,30460,336,201,TRUE,TRUE
26005,26,26090,266,242,TRUE,TRUE
47005,47,,,466,FALSE,FALSE
27015,27,35580,359,262,TRUE,TRUE
47137,47,,,470,FALSE,FALSE
51109,51,,,523,FALSE,FALSE
18145,18,26900,294,146,TRUE,TRUE
39049,39,18140,198,406,TRUE,TRUE
49021,49,16260,,342,TRUE,FALSE
32009,32,,,340,FALSE,FALSE
26083,26,26340,,245,TRUE,FALSE
49039,49,,,517,FALSE,FALSE
20093,20,,,191,FALSE,FALSE
12009,12,37340,,77,TRUE,FALSE
18105,18,14020,144,153,TRUE,TRUE
19117,19,,,167,FALSE,FALSE
21239,21,30460,336,201,TRUE,TRUE
45053,45,25940,,449,TRUE,FALSE
48043,48,,,487,FALSE,FALSE
45065,45,,,448,FALSE,FALSE
45087,45,43900,273,385,TRUE,TRUE
27103,27,31860,359,262,TRUE,TRUE
55075,55,31940,361,251,TRUE,TRUE
53011,53,38900,440,427,TRUE,TRUE
55099,55,,,551,FALSE,FALSE
18103,18,37940,294,147,TRUE,TRUE
20053,20,,,190,FALSE,FALSE
22123,22,,,227,FALSE,FALSE
12077,12,,,76,FALSE,FALSE
20083,20,,,184,FALSE,FALSE
20119,20,,,194,FALSE,FALSE
21149,21,36980,,215,TRUE,FALSE
28001,28,35020,,225,TRUE,FALSE
28057,28,46180,539,277,TRUE,TRUE
21073,21,23180,336,201,TRUE,TRUE
23009,23,,,230,FALSE,FALSE
23013,23,,,228,FALSE,FALSE
13217,13,12060,122,100,TRUE,TRUE
46049,46,,,455,FALSE,FALSE
26061,26,26340,,245,TRUE,FALSE
30061,30,33540,,310,TRUE,FALSE
47051,47,49010,400,465,TRUE,TRUE
22029,22,35020,,225,TRUE,FALSE
22063,22,12940,132,226,TRUE,TRUE
25009,25,14460,148,234,TRUE,TRUE
46019,46,,,457,FALSE,FALSE
08035,08,19740,216,54,TRUE,TRUE
45079,45,17900,192,450,TRUE,TRUE
18095,18,26900,294,146,TRUE,TRUE
40099,40,,,413,FALSE,FALSE
54009,54,48260,430,400,TRUE,TRUE
54013,54,,,546,FALSE,FALSE
51021,51,,,371,FALSE,FALSE
30111,30,13740,,306,TRUE,FALSE
54043,54,,,546,FALSE,FALSE
06033,06,17340,,48,TRUE,FALSE
13131,13,45620,,86,TRUE,FALSE
08021,08,10480,,55,TRUE,FALSE
49037,49,,,519,FALSE,FALSE
18133,18,24600,294,129,TRUE,TRUE
16047,16,,,113,FALSE,FALSE
47167,47,32820,368,32,TRUE,TRUE
22121,22,12940,132,226,TRUE,TRUE
29171,29,,,286,FALSE,FALSE
56039,56,27220,,120,TRUE,FALSE
55043,55,38420,,157,TRUE,FALSE
38059,38,13900,,390,TRUE,FALSE
37041,37,,,379,FALSE,FALSE
37021,37,11700,120,378,TRUE,TRUE
06063,06,,,49,FALSE,FALSE
51730,51,40060,,525,TRUE,FALSE
50023,50,12740,162,345,TRUE,TRUE
46093,46,39660,452,457,TRUE,TRUE
18097,18,26900,294,146,TRUE,TRUE
05017,05,,,21,FALSE,FALSE
13021,13,31420,356,96,TRUE,TRUE
05115,05,40780,,35,TRUE,FALSE
51175,51,,,379,FALSE,FALSE
48183,48,30980,,507,TRUE,FALSE
36087,36,35620,408,366,TRUE,TRUE
05089,05,,,22,FALSE,FALSE
51800,51,47260,545,379,TRUE,TRUE
08041,08,17820,,60,TRUE,FALSE
29187,29,22100,476,300,TRUE,TRUE
48475,48,,,476,FALSE,FALSE
08061,08,,,57,FALSE,FALSE
48487,48,46900,,502,TRUE,FALSE
41015,41,15060,152,44,TRUE,TRUE
08119,08,17820,,60,TRUE,FALSE
29049,29,28140,312,175,TRUE,TRUE
49051,49,25720,482,517,TRUE,TRUE
16029,16,,,111,FALSE,FALSE
37157,37,24660,268,382,TRUE,TRUE
05117,05,,,20,FALSE,FALSE
05011,05,,,21,FALSE,FALSE
48193,48,,,490,FALSE,FALSE
24011,24,,,71,FALSE,FALSE
27041,27,10820,,268,TRUE,FALSE
30043,30,25740,,305,TRUE,FALSE
51059,51,47900,548,73,TRUE,TRUE
30023,30,,,310,FALSE,FALSE
47001,47,28940,315,464,TRUE,TRUE
39077,39,35940,184,407,TRUE,TRUE
13005,13,,,89,FALSE,FALSE
10001,10,20100,428,71,TRUE,TRUE
39173,39,45780,,405,TRUE,FALSE
13157,13,27600,122,92,TRUE,TRUE
20003,20,,,174,FALSE,FALSE
17095,17,23660,,136,TRUE,FALSE
30107,30,,,306,FALSE,FALSE
47015,47,34980,400,465,TRUE,TRUE
23007,23,,,228,FALSE,FALSE
21165,21,34460,336,203,TRUE,TRUE
46089,46,,,455,FALSE,FALSE
08051,08,,,64,FALSE,FALSE
26029,26,,,247,FALSE,FALSE
27151,27,,,264,FALSE,FALSE
39147,39,45660,248,409,TRUE,TRUE
13267,13,,,98,FALSE,FALSE
48429,48,,,499,FALSE,FALSE
37117,37,,,374,FALSE,FALSE
30081,30,,,310,FALSE,FALSE
13317,13,,,99,FALSE,FALSE
53043,53,,,114,FALSE,FALSE
06081,06,41860,488,39,TRUE,TRUE
39171,39,,,405,FALSE,FALSE
08009,08,,,57,FALSE,FALSE
16021,16,,,114,FALSE,FALSE
16007,16,,,111,FALSE,FALSE
39159,39,18140,198,406,TRUE,TRUE
39035,39,17410,184,398,TRUE,TRUE
48285,48,,,491,FALSE,FALSE
40105,40,,,182,FALSE,FALSE
13125,13,,,99,FALSE,FALSE
41059,41,25840,,438,TRUE,FALSE
46102,46,,,330,FALSE,FALSE
20117,20,,,186,FALSE,FALSE
22065,22,,,227,FALSE,FALSE
30105,30,,,316,FALSE,FALSE
13313,13,19140,174,93,TRUE,TRUE
20203,20,,,196,FALSE,FALSE
46023,46,,,458,FALSE,FALSE
31027,31,,,333,FALSE,FALSE
53035,53,14740,500,542,TRUE,TRUE
17111,17,16980,176,132,TRUE,TRUE
30069,30,,,318,FALSE,FALSE
29033,29,,,294,FALSE,FALSE
53075,53,39420,446,117,TRUE,TRUE
27147,27,36940,378,262,TRUE,TRUE
31169,31,,,324,FALSE,FALSE
47033,47,27180,,469,TRUE,FALSE
19079,19,,,162,FALSE,FALSE
39165,39,17140,178,205,TRUE,TRUE
13255,13,12060,122,100,TRUE,TRUE
34019,34,35620,408,347,TRUE,TRUE
29217,29,,,295,FALSE,FALSE
18121,18,,,129,FALSE,FALSE
19069,19,,,169,FALSE,FALSE
13035,13,12060,122,100,TRUE,TRUE
08039,08,19740,216,54,TRUE,TRUE
44001,44,39300,148,236,TRUE,TRUE
48035,48,47380,,484,TRUE,FALSE
44005,44,39300,148,236,TRUE,TRUE
39045,39,18140,198,406,TRUE,TRUE
38069,38,,,394,FALSE,FALSE
17015,17,,,124,FALSE,FALSE
27125,27,,,274,FALSE,FALSE
41031,41,13460,,430,TRUE,FALSE
47021,47,34980,400,468,TRUE,TRUE
46127,46,43580,512,172,TRUE,TRUE
01051,01,33860,388,1,TRUE,TRUE
13187,13,12060,122,92,TRUE,TRUE
39083,39,34540,198,406,TRUE,TRUE
19017,19,47940,,161,TRUE,FALSE
48175,48,47020,544,491,TRUE,TRUE
37089,37,11700,120,378,TRUE,TRUE
12061,12,42680,370,77,TRUE,TRUE
48393,48,37420,,506,TRUE,FALSE
31049,31,,,69,FALSE,FALSE
36051,36,40380,464,368,TRUE,TRUE
19141,19,,,171,FALSE,FALSE
48059,48,10180,101,492,TRUE,TRUE
48379,48,,,497,FALSE,FALSE
20067,20,,,191,FALSE,FALSE
51105,51,,,534,FALSE,FALSE
35051,35,,,353,FALSE,FALSE
05043,05,,,21,FALSE,FALSE
31123,31,,,327,FALSE,FALSE
29015,29,,,290,FALSE,FALSE
05109,05,,,26,FALSE,FALSE
08077,08,24300,,61,TRUE,FALSE
29065,29,,,297,FALSE,FALSE
51185,51,14140,,529,TRUE,FALSE
42103,42,25770,408,447,TRUE,TRUE
42115,42,,,447,FALSE,FALSE
48343,48,34420,,36,TRUE,FALSE
42125,42,38300,430,441,TRUE,TRUE
50001,50,,,521,FALSE,FALSE
20103,20,28140,312,174,TRUE,TRUE
26121,26,34740,266,242,TRUE,TRUE
02066,02,,,567,FALSE,FALSE
02063,02,,,567,FALSE,FALSE
28049,28,27140,298,279,TRUE,TRUE
48281,48,28660,,484,TRUE,FALSE
51107,51,47900,548,532,TRUE,TRUE
29185,29,,,290,FALSE,FALSE
36025,36,,,361,FALSE,FALSE
30071,30,,,319,FALSE,FALSE
29129,29,,,296,FALSE,FALSE
53045,53,43220,500,542,TRUE,TRUE
37127,37,40580,468,384,TRUE,TRUE
51199,51,47260,545,536,TRUE,TRUE
29159,29,42740,,290,TRUE,FALSE
30063,30,33540,,310,TRUE,FALSE
20019,20,,,182,FALSE,FALSE
48459,48,30980,,507,TRUE,FALSE
51047,51,47900,548,533,TRUE,TRUE
40061,40,,,421,FALSE,FALSE
54069,54,48540,,400,TRUE,FALSE
54065,54,25180,548,532,TRUE,TRUE
51165,51,25500,277,527,TRUE,TRUE
18183,18,23060,258,143,TRUE,TRUE
06093,06,,,50,FALSE,FALSE
46037,46,,,261,FALSE,FALSE
22071,22,35380,406,220,TRUE,TRUE
01073,01,13820,142,5,TRUE,TRUE
01127,01,13820,142,5,TRUE,TRUE
29063,29,41140,312,175,TRUE,TRUE
12039,12,45220,533,86,TRUE,TRUE
13083,13,16860,174,101,TRUE,TRUE
28033,28,32820,368,32,TRUE,TRUE
51187,51,47900,548,532,TRUE,TRUE
17047,17,,,130,FALSE,FALSE
47113,47,27180,,469,TRUE,FALSE
01111,01,,,6,FALSE,FALSE
37009,37,,,373,FALSE,FALSE
08033,08,,,56,FALSE,FALSE
39089,39,18140,198,406,TRUE,TRUE
51683,51,47900,548,73,TRUE,TRUE
05139,05,20980,,25,TRUE,FALSE
17071,17,15460,161,135,TRUE,TRUE
01101,01,33860,388,1,TRUE,TRUE
08005,08,19740,216,54,TRUE,TRUE
21155,21,,,199,FALSE,FALSE
53057,53,34580,500,542,TRUE,TRUE
28067,28,29860,279,284,TRUE,TRUE
55021,55,31540,357,555,TRUE,TRUE
37019,37,48900,,377,TRUE,FALSE
27029,27,,,257,FALSE,FALSE
51131,51,,,522,FALSE,FALSE
20163,20,,,189,FALSE,FALSE
18041,18,18220,458,152,TRUE,TRUE
31079,31,24260,,336,TRUE,FALSE
31081,31,,,336,FALSE,FALSE
31115,31,,,338,FALSE,FALSE
30091,30,,,309,FALSE,FALSE
31063,31,,,332,FALSE,FALSE
01007,01,13820,142,4,TRUE,TRUE
28075,28,32940,,9,TRUE,FALSE
27011,27,,,261,FALSE,FALSE
27013,27,31860,359,262,TRUE,TRUE
51091,51,,,527,FALSE,FALSE
51177,51,47900,548,531,TRUE,TRUE
33017,33,14460,148,343,TRUE,TRUE
13153,13,47580,356,96,TRUE,TRUE
26041,26,21540,,241,TRUE,FALSE
05131,05,22900,,31,TRUE,FALSE
06087,06,42100,488,51,TRUE,TRUE
13191,13,15260,,97,TRUE,FALSE
13207,13,31420,356,96,TRUE,TRUE
29069,29,28380,,37,TRUE,FALSE
48483,48,,,506,FALSE,FALSE
13117,13,12060,122,92,TRUE,TRUE
48409,48,18580,204,478,TRUE,TRUE
28147,28,32620,,278,TRUE,FALSE
29137,29,,,301,FALSE,FALSE
26073,26,34380,394,244,TRUE,TRUE
48341,48,20300,,357,TRUE,FALSE
45017,45,17900,192,450,TRUE,TRUE
56035,56,,,120,FALSE,FALSE
21069,21,,,208,FALSE,FALSE
55019,55,,,550,FALSE,FALSE
45091,45,16740,172,372,TRUE,TRUE
18001,18,19540,258,143,TRUE,TRUE
22005,22,12940,132,220,TRUE,TRUE
42119,42,30260,146,444,TRUE,TRUE
51041,51,40060,,525,TRUE,FALSE
22001,22,29180,318,218,TRUE,TRUE
42039,42,32740,240,363,TRUE,TRUE
46123,46,,,460,FALSE,FALSE
19077,19,19780,218,155,TRUE,TRUE
19183,19,26980,168,160,TRUE,TRUE
46111,46,33580,,453,TRUE,FALSE
40051,40,36420,416,415,TRUE,TRUE
54039,54,16620,170,546,TRUE,TRUE
55109,55,33460,378,258,TRUE,TRUE
42121,42,36340,,363,TRUE,FALSE
39153,39,10420,184,398,TRUE,TRUE
13127,13,15260,,97,TRUE,FALSE
48479,48,29700,,480,TRUE,FALSE
37123,37,,,376,FALSE,FALSE
23003,23,,,229,FALSE,FALSE
28065,28,,,284,FALSE,FALSE
18175,18,31140,350,148,TRUE,TRUE
48031,48,,,482,FALSE,FALSE
51025,51,,,375,FALSE,FALSE
47045,47,20540,,473,TRUE,FALSE
47053,47,27180,,469,TRUE,FALSE
51149,51,40060,,525,TRUE,FALSE
05075,05,,,27,FALSE,FALSE
38027,38,,,392,FALSE,FALSE
53053,53,42660,500,542,TRUE,TRUE
16063,16,25200,,113,TRUE,FALSE
42071,42,29540,,440,TRUE,FALSE
55057,55,,,269,FALSE,FALSE
47151,47,,,464,FALSE,FALSE
46031,46,,,395,FALSE,FALSE
46053,46,,,460,FALSE,FALSE
37181,37,25780,450,381,TRUE,TRUE
21033,21,,,211,FALSE,FALSE
45011,45,,,449,FALSE,FALSE
47039,47,,,469,FALSE,FALSE
18009,18,,,145,FALSE,FALSE
01055,01,23460,,8,TRUE,FALSE
16025,16,25200,,113,TRUE,FALSE
20155,20,26740,,193,TRUE,FALSE
47119,47,34980,400,474,TRUE,TRUE
56015,56,,,564,FALSE,FALSE
55107,55,,,552,FALSE,FALSE
55133,55,33340,376,557,TRUE,TRUE
21079,21,,,201,FALSE,FALSE
25021,25,14460,148,234,TRUE,TRUE
18063,18,26900,294,146,TRUE,TRUE
17077,17,16060,166,122,TRUE,TRUE
45043,45,34680,396,452,TRUE,TRUE
38041,38,,,323,FALSE,FALSE
49019,49,,,519,FALSE,FALSE
49045,49,41620,482,517,TRUE,TRUE
51650,51,47260,545,536,TRUE,TRUE
55011,55,,,276,FALSE,FALSE
51069,51,49020,548,532,TRUE,TRUE
54041,54,,,547,FALSE,FALSE
27119,27,24220,,274,TRUE,FALSE
27127,27,,,264,FALSE,FALSE
47047,47,32820,368,32,TRUE,TRUE
22089,22,35380,406,220,TRUE,TRUE
05111,05,27860,308,27,TRUE,TRUE
12045,12,,,76,FALSE,FALSE
47063,47,34100,315,471,TRUE,TRUE
01021,01,13820,142,5,TRUE,TRUE
48351,48,,,219,FALSE,FALSE
48219,48,31180,352,485,TRUE,TRUE
13009,13,33300,,91,TRUE,FALSE
37175,37,14820,120,378,TRUE,TRUE
37171,37,34340,268,382,TRUE,TRUE
01031,01,21460,222,3,TRUE,TRUE
39149,39,43380,212,402,TRUE,TRUE
16027,16,14260,147,108,TRUE,TRUE
30019,30,,,309,FALSE,FALSE
12073,12,45220,533,86,TRUE,TRUE
40119,40,44660,,422,TRUE,FALSE
01039,01,,,11,FALSE,FALSE
18093,18,13260,144,153,TRUE,TRUE
20069,20,,,184,FALSE,FALSE
21045,21,,,207,FALSE,FALSE
21169,21,23980,150,202,TRUE,TRUE
21207,21,,,199,FALSE,FALSE
22011,22,19760,324,219,TRUE,TRUE
23025,23,,,228,FALSE,FALSE
40025,40,,,197,FALSE,FALSE
21163,21,31140,350,210,TRUE,TRUE
21179,21,31140,350,199,TRUE,TRUE
21187,21,,,201,FALSE,FALSE
29155,29,,,37,FALSE,FALSE
31125,31,,,329,FALSE,FALSE
55078,55,43020,267,553,TRUE,TRUE
48365,48,,,507,FALSE,FALSE
21011,21,34460,336,203,TRUE,TRUE
48001,48,37300,,475,TRUE,FALSE
51033,51,,,531,FALSE,FALSE
19167,19,,,171,FALSE,FALSE
06021,06,,,42,FALSE,FALSE
29510,29,41180,476,140,TRUE,TRUE
13111,13,,,102,FALSE,FALSE
46051,46,,,261,FALSE,FALSE
46091,46,,,261,FALSE,FALSE
53067,53,36500,500,542,TRUE,TRUE
31107,31,,,333,FALSE,FALSE
35061,35,10740,105,349,TRUE,TRUE
30079,30,,,308,FALSE,FALSE
19005,19,,,157,FALSE,FALSE
48061,48,15180,154,493,TRUE,TRUE
48339,48,26420,288,481,TRUE,TRUE
08071,08,,,65,FALSE,FALSE
48299,48,,,482,FALSE,FALSE
48319,48,,,505,FALSE,FALSE
37043,37,,,107,FALSE,FALSE
36071,36,28880,408,366,TRUE,TRUE
36093,36,10580,104,358,TRUE,TRUE
54059,54,,,216,FALSE,FALSE
20197,20,45820,,188,TRUE,FALSE
27055,27,29100,317,269,TRUE,TRUE
21181,21,,,201,FALSE,FALSE
25023,25,14460,148,234,TRUE,TRUE
36005,36,35620,408,360,TRUE,TRUE
37055,37,28620,545,379,TRUE,TRUE
39103,39,17410,184,398,TRUE,TRUE
42005,42,38300,430,441,TRUE,TRUE
34001,34,12100,428,346,TRUE,TRUE
55071,55,31820,,558,TRUE,FALSE
55029,55,,,553,FALSE,FALSE
37047,37,,,377,FALSE,FALSE
39053,39,23680,,399,TRUE,FALSE
48441,48,10180,101,492,TRUE,TRUE
51570,51,40060,,525,TRUE,FALSE
39031,39,18740,184,401,TRUE,TRUE
31135,31,,,326,FALSE,FALSE
48205,48,,,357,FALSE,FALSE
08049,08,,,63,FALSE,FALSE
48249,48,10860,204,489,TRUE,TRUE
19189,19,,,165,FALSE,FALSE
06079,06,42020,,53,TRUE,FALSE
01067,01,20020,222,3,TRUE,TRUE
39175,39,,,409,FALSE,FALSE
48505,48,49820,,514,TRUE,FALSE
13177,13,10500,,90,TRUE,FALSE
21019,21,26580,170,206,TRUE,TRUE
27019,27,33460,378,258,TRUE,TRUE
31037,31,18100,,329,TRUE,FALSE
45025,45,,,452,FALSE,FALSE
47101,47,,,474,FALSE,FALSE
41067,41,38900,440,427,TRUE,TRUE
51810,51,47260,545,379,TRUE,TRUE
30057,30,,,305,FALSE,FALSE
51103,51,,,535,FALSE,FALSE
29013,29,28140,312,174,TRUE,TRUE
33001,33,29060,148,343,TRUE,TRUE
51159,51,,,535,FALSE,FALSE
02230,02,,,583,FALSE,FALSE
02105,02,,,573,FALSE,FALSE
53021,53,28420,314,438,TRUE,TRUE
19093,19,,,163,FALSE,FALSE
20173,20,48620,556,180,TRUE,TRUE
48453,48,12420,,482,TRUE,FALSE
12057,12,45300,,88,TRUE,FALSE
34021,34,45940,408,346,TRUE,TRUE
31023,31,,,329,FALSE,FALSE
42129,42,38300,430,441,TRUE,TRUE
12015,12,39460,412,79,TRUE,TRUE
19029,19,,,159,FALSE,FALSE
39107,39,16380,338,396,TRUE,TRUE
21115,21,,,216,FALSE,FALSE
44003,44,39300,148,236,TRUE,TRUE
50025,50,14710,313,344,TRUE,TRUE
50019,50,,,345,FALSE,FALSE
20085,20,45820,,188,TRUE,FALSE
22041,22,,,227,FALSE,FALSE
28155,28,44260,523,282,TRUE,TRUE
25011,25,24640,521,238,TRUE,TRUE
31031,31,,,335,FALSE,FALSE
30001,30,,,302,FALSE,FALSE
29143,29,,,291,FALSE,FALSE
05057,05,,,26,FALSE,FALSE
29029,29,,,293,FALSE,FALSE
51117,51,,,375,FALSE,FALSE
21233,21,25775,241,211,TRUE,TRUE
40047,40,21420,,412,TRUE,FALSE
53059,53,38900,440,427,TRUE,TRUE
26091,26,10300,220,254,TRUE,TRUE
13123,13,,,102,FALSE,FALSE
27135,27,,,272,FALSE,FALSE
28089,28,27140,298,279,TRUE,TRUE
48227,48,13700,,476,TRUE,FALSE
54099,54,26580,170,206,TRUE,TRUE
