geo_aggregation_level	industry_code	industry_description	industry_ubiquity	industry_employment_share_nation	industry_complexity	industry_complexity_percentile
2	111000	Crop Production	21	0.00507595938158635	-2.31179533334964	0.95
2	112000	Animal Production	22	0.00265160687353591	-2.41973845760869	0.85
2	113110	Timber Tract Operations	17	2.52976512467405e-05	-1.33560517246551	9.51
2	113210	Forest Nurseries and Gathering of Forest Products	23	1.70371936967844e-05	-1.0707651628183	16.28
2	113310	Logging	23	0.000357000913308311	-1.95999707495972	2.75
2	114111	Finfish Fishing	15	6.95656727141094e-05	-1.04797319188697	17.34
2	114112	Shellfish Fishing	9	6.79996276369302e-05	-1.23026941527017	11.84
2	114119	Other Marine Fishing	11	9.52247189786605e-06	0.0979326724064322	50.63
2	114210	Hunting and Trapping	15	3.84857011823996e-05	-1.74810767874406	4.65
2	115111	Cotton Ginning	14	3.50151617256472e-05	-2.14763089457568	1.69
2	115112	Soil Preparation, Planting, and Cultivating	21	0.000198233771912384	-2.48960806564465	0.63
2	115113	Crop Harvesting, Primarily by Machine	12	6.93591612753605e-05	-2.51918785592246	0.42
2	115114	Postharvest Crop Activities (except Cotton Ginning)	9	0.000493057532870713	-2.10268605279371	2.11
2	115115	Farm Labor Contractors and Crew Leaders	15	0.00196368858891904	-2.69043946205254	0.11
2	115116	Farm Management Services	6	0.000132534452245962	-2.25315974020771	1.27
2	115210	Support Activities for Animal Production	21	0.000251450622392205	-2.13845157809627	1.9
2	115310	Support Activities for Forestry	16	0.000144282658539233	-1.75259614342544	4.55
2	211120	Crude Petroleum Extraction	10	0.000485347772490754	-2.46863841226634	0.74
2	211130	Natural Gas Extraction	10	0.000218982435077794	-1.94413010759007	2.96
2	212114	Surface Coal Mining	13	0.000105544554487251	-1.59931545382461	5.81
2	212115	Underground Coal Mining	10	0.000133067940129397	-1.3308155419279	9.83
2	212210	Iron Ore Mining	4	3.04661736443172e-05	-0.049670080448626	46.41
2	212220	Gold Ore and Silver Ore Mining	6	9.45191382296018e-05	-1.42543174782904	8.67
2	212230	Copper, Nickel, Lead, and Zinc Mining	8	0.000115497258549178	-0.761355759213873	23.68
2	212290	Other Metal Ore Mining	8	2.75291220709995e-05	-0.91224367844105	19.56
2	212311	Dimension Stone Mining and Quarrying	20	4.49334472144487e-05	-1.29326560523354	10.78
2	212312	Crushed and Broken Limestone Mining and Quarrying	18	0.000138311036102077	-1.199841898287	12.68
2	212313	Crushed and Broken Granite Mining and Quarrying	11	3.6816400385846e-05	0.194545831878237	54.44
2	212319	Other Crushed and Broken Stone Mining and Quarrying	21	4.77328244952671e-05	-0.739959788036082	24.52
2	212321	Construction Sand and Gravel Mining	28	0.000193145559518765	-1.30921292502788	10.47
2	212322	Industrial Sand Mining	10	5.17540611220166e-05	-1.02887408675079	17.65
2	212323	Kaolin, Clay, and Ceramic and Refractory Minerals Mining	11	3.63460132198068e-05	-1.17057008179186	13.64
2	212390	Other Nonmetallic Mineral Mining and Quarrying	14	7.25314064316978e-05	-1.22309578178258	12.16
2	213111	Drilling Oil and Gas Wells	13	0.000258512166311647	-2.19392773711212	1.48
2	213112	Support Activities for Oil and Gas Operations	12	0.00129184377795147	-2.55063812229719	0.32
2	213113	Support Activities for Coal Mining	12	2.88198185631801e-05	-1.33469341341733	9.62
2	213114	Support Activities for Metal Mining	11	2.85215242627651e-05	-0.737796755038633	24.63
2	213115	Support Activities for Nonmetallic Minerals (except Fuels) Mining	16	1.93030830941682e-05	-0.531828405464968	29.81
2	221111	Hydroelectric Power Generation	19	4.76639873490175e-05	-0.856089898277417	21.35
2	221112	Fossil Fuel Electric Power Generation	22	0.000427375422490853	-0.785227548784947	22.83
2	221113	Nuclear Electric Power Generation	18	0.0002133033705122	0.472414739906057	65.86
2	221114	Solar Electric Power Generation	11	9.6171229739593e-05	0.487934884596089	66.49
2	221115	Wind Electric Power Generation	14	6.69670704431857e-05	-1.74296343025389	4.86
2	221116	Geothermal Electric Power Generation	6	6.20681602017534e-06	-0.0798849228552861	45.35
2	221117	Biomass Electric Power Generation	14	1.40944056946126e-05	0.301349781170106	58.88
2	221118	Other Electric Power Generation	14	2.84240049722448e-05	0.883983505100351	80.23
2	221121	Electric Bulk Power Transmission and Control	20	0.000166494111062448	-0.49938242949195	31.08
2	221122	Electric Power Distribution	28	0.00132264266446932	-1.72873546512119	4.97
2	221210	Natural Gas Distribution	15	0.000679021083464099	-1.15934081790944	14.48
2	221310	Water Supply and Irrigation Systems	23	0.000320253350068714	-1.48831660115826	7.93
2	221320	Sewage Treatment Facilities	24	4.45605793389298e-05	-0.447452673754829	32.56
2	221330	Steam and Air-Conditioning Supply	13	8.8799918662028e-06	1.88258917171481	97.67
2	236115	New Single-Family Housing Construction (except For-Sale Builders)	24	0.00313584751525781	-1.50423672112516	7.72
2	236116	New Multifamily Housing Construction (except For-Sale Builders)	15	0.000314522657643432	0.158380008099038	52.85
2	236117	New Housing For-Sale Builders	22	0.000564883358553352	-1.07187464396624	16.07
2	236118	Residential Remodelers	21	0.00453924762513566	-1.33030160088768	9.94
2	236210	Industrial Building Construction	20	0.000985214446411326	-1.11402171848011	15.54
2	236220	Commercial and Institutional Building Construction	28	0.00471610746313754	-1.17540587541024	13.53
2	237110	Water and Sewer Line and Related Structures Construction	22	0.00127632100147217	-1.5972438498263	5.92
2	237120	Oil and Gas Pipeline and Related Structures Construction	12	0.000851027902655372	-1.59328437800948	6.03
2	237130	Power and Communication Line and Related Structures Construction	27	0.00142827326538939	-1.31043520532305	10.36
2	237210	Land Subdivision	13	0.000245111868508385	-1.16125445261784	14.16
2	237310	Highway, Street, and Bridge Construction	30	0.00222850509054138	-1.00698428115074	18.08
2	237990	Other Heavy and Civil Engineering Construction	19	0.000857567431549088	-1.5191601133184	6.98
2	238110	Poured Concrete Foundation and Structure Contractors	23	0.00171979857975659	-1.50611826439877	7.4
2	238120	Structural Steel and Precast Concrete Contractors	17	0.000544708338273355	-0.868451422058058	20.61
2	238130	Framing Contractors	18	0.00063332469121205	-1.46225700859028	8.35
2	238140	Masonry Contractors	27	0.00104144865846842	-1.10482161670776	15.64
2	238150	Glass and Glazing Contractors	15	0.000497130397357149	-0.0889501959521539	44.71
2	238160	Roofing Contractors	17	0.00170564680977343	-0.762989631704077	23.47
2	238170	Siding Contractors	24	0.000349664020803871	-1.26991880848	11.21
2	238190	Other Foundation, Structure, and Building Exterior Contractors	18	0.000377066941440079	-1.46883745285881	8.25
2	238210	Electrical Contractors and Other Wiring Installation Contractors	28	0.0069573474257351	-0.939486092435792	19.03
2	238220	Plumbing, Heating, and Air-Conditioning Contractors	26	0.00818295839613671	-0.656842228275398	27.27
2	238290	Other Building Equipment Contractors	25	0.00101962154667843	-1.13961334064956	15.01
2	238310	Drywall and Insulation Contractors	22	0.00179557106849087	-0.856261421530662	21.25
2	238320	Painting and Wall Covering Contractors	20	0.00191428072719837	-0.927659554405757	19.24
2	238330	Flooring Contractors	23	0.000804235852492183	-1.06779163041184	16.38
2	238340	Tile and Terrazzo Contractors	13	0.000504811475592838	-0.560440439455606	28.65
2	238350	Finish Carpentry Contractors	21	0.00153845285439078	-1.32729667674954	10.04
2	238390	Other Building Finishing Contractors	18	0.000641401583038674	-0.266207243625711	38.48
2	238910	Site Preparation Contractors	33	0.00335949366699402	-1.79232341515557	4.23
2	238990	All Other Specialty Trade Contractors	20	0.00334239337257984	-1.44830256846831	8.46
2	311111	Dog and Cat Food Manufacturing	19	0.000222567703111629	-0.264027050021861	38.69
2	311119	Other Animal Food Manufacturing	22	0.000217433599287178	-1.65984906694439	5.29
2	311211	Flour Milling	19	8.62644171084998e-05	-0.836807663660612	22.09
2	311212	Rice Milling	5	3.08677236641068e-05	-1.51938155843076	6.87
2	311213	Malt Manufacturing	11	6.96976105777545e-06	0.233118869658917	56.03
2	311221	Wet Corn Milling and Starch Manufacturing	7	7.80785331336475e-05	-0.894287767296757	20.19
2	311224	Soybean and Other Oilseed Processing	17	5.8385372877398e-05	-1.47474536093574	8.14
2	311225	Fats and Oils Refining and Blending	18	5.19376268453489e-05	-0.38126480346795	34.67
2	311230	Breakfast Cereal Manufacturing	15	7.60535737481374e-05	-0.206928794949283	41.01
2	311313	Beet Sugar Manufacturing	8	3.93977933702073e-05	-1.51345672754089	7.19
2	311314	Cane Sugar Manufacturing	6	3.83078718879214e-05	0.520834905324199	68.18
2	311340	Nonchocolate Confectionery Manufacturing	12	0.000155571950524173	0.57008116319686	70.08
2	311351	Chocolate and Confectionery Manufacturing from Cacao Beans	9	6.02956036858253e-05	1.49863095355174	95.24
2	311352	Confectionery Manufacturing from Purchased Chocolate	17	0.000187713161393898	0.520324333373969	68.08
2	311411	Frozen Fruit, Juice, and Vegetable Manufacturing	13	0.000174289917875219	-0.0963533664911574	44.29
2	311412	Frozen Specialty Food Manufacturing	18	0.000373189115534683	0.436373884262418	63.42
2	311421	Fruit and Vegetable Canning	15	0.000322043115871205	-0.218120048516006	40.06
2	311422	Specialty Canning	10	6.89977662575499e-05	0.785289149965002	77.91
2	311423	Dried and Dehydrated Food Manufacturing	11	7.67706273549044e-05	-0.275075700668885	38.05
2	311511	Fluid Milk Manufacturing	22	0.00032791721901784	0.516444763639854	67.97
2	311512	Creamery Butter Manufacturing	12	2.20106775133205e-05	0.443036396915562	64.16
2	311513	Cheese Manufacturing	11	0.000360121530604961	-0.903509596071609	19.77
2	311514	Dry, Condensed, and Evaporated Dairy Product Manufacturing	16	0.000116891210760733	-0.751768895753129	24.1
2	311520	Ice Cream and Frozen Dessert Manufacturing	20	0.000150604203136491	-0.197526818094226	41.44
2	311611	Animal (except Poultry) Slaughtering	16	0.000872241216557968	-2.30698544041745	1.06
2	311612	Meat Processed from Carcasses	17	0.000886633916552995	-1.24494235477303	11.52
2	311613	Rendering and Meat Byproduct Processing	18	4.8065537368807e-05	-1.06454111289245	16.49
2	311615	Poultry Processing	17	0.00142513543880618	-1.26349927971209	11.31
2	311710	Seafood Product Preparation and Packaging	12	0.000187128045650776	-0.458851873590868	32.24
2	311811	Retail Bakeries	16	0.000737544130633996	-0.407356810019303	34.04
2	311812	Commercial Bakeries	19	0.000892008950389321	0.794107290592787	78.22
2	311813	Frozen Cakes, Pies, and Other Pastries Manufacturing	15	8.12737240054013e-05	1.32359218905366	91.54
2	311821	Cookie and Cracker Manufacturing	17	0.000225344134677031	1.12546708634908	86.79
2	311824	Dry Pasta, Dough, and Flour Mixes Manufacturing from Purchased Flour	20	0.000127767479868175	1.17232845184058	87.84
2	311830	Tortilla Manufacturing	15	0.000125719574767248	0.375376051437478	61.42
2	311911	Roasted Nuts and Peanut Butter Manufacturing	14	9.64408418957374e-05	0.76600641300508	77.38
2	311919	Other Snack Food Manufacturing	15	0.000285708575509106	0.608143423154733	71.99
2	311920	Coffee and Tea Manufacturing	21	0.000168048683281919	0.455125716267751	64.8
2	311930	Flavoring Syrup and Concentrate Manufacturing	13	5.8006768573025e-05	2.22558531893793	99.47
2	311941	Mayonnaise, Dressing, and Other Prepared Sauce Manufacturing	20	0.000123212755357991	0.995662589020403	83.19
2	311942	Spice and Extract Manufacturing	15	0.000168823101177228	0.63045654432963	72.73
2	311991	Perishable Prepared Food Manufacturing	16	0.000403477459884522	0.886358296219012	80.44
2	311999	All Other Miscellaneous Food Manufacturing	14	0.000252672481738136	-0.264924759198381	38.58
2	312111	Soft Drink Manufacturing	18	0.000473519256193525	1.04471929638832	84.78
2	312112	Bottled Water Manufacturing	16	0.000126746395532139	0.147564118541455	52.43
2	312113	Ice Manufacturing	24	4.60061594101721e-05	0.119059042621355	51.59
2	312120	Breweries	22	0.000640816467295552	-0.0760900606885981	45.67
2	312130	Wineries	6	0.000460841748425884	-0.916614916562577	19.45
2	312140	Distilleries	15	0.000158617994245719	-0.164027046359648	42.18
2	312230	Tobacco Manufacturing	7	6.20853694883158e-05	0.863729553804543	79.92
2	313110	Fiber, Yarn, and Thread Mills	5	0.000122639112472577	-0.858081581047953	21.04
2	313210	Broadwoven Fabric Mills	10	0.000114143461339602	-0.544786315471516	29.39
2	313220	Narrow Fabric Mills and Schiffli Machine Embroidery	10	3.22043115871205e-05	0.57649332527064	70.72
2	313230	Nonwoven Fabric Mills	16	8.97062744209815e-05	0.724156400551992	76
2	313240	Knit Fabric Mills	9	2.56418369779887e-05	1.22882642170294	89.53
2	313310	Textile and Fabric Finishing Mills	12	0.000100186729937488	-0.49093293155057	31.18
2	313320	Fabric Coating Mills	12	3.67590360973046e-05	1.30158324254334	91.12
2	314110	Carpet and Rug Mills	5	0.000153495363278976	-0.0943893825418283	44.4
2	314120	Curtain and Linen Mills	14	8.75608500295346e-05	-0.000908150217883292	47.99
2	314910	Textile Bag and Canvas Mills	22	0.000141425916969873	-0.058899457956091	46.19
2	314994	Rope, Cordage, Twine, Tire Cord, and Tire Fabric Mills	15	2.96802828913006e-05	0.353048431121556	60.47
2	314999	All Other Miscellaneous Textile Product Mills	20	0.000190621530822945	-0.500460406765692	30.97
2	315120	Apparel Knitting Mills	6	3.75449268503213e-05	0.461053778373595	65.33
2	315210	Cut and Sew Apparel Contractors	6	0.000156432414852294	-0.903562906901349	19.66
2	315250	Cut and Sew Apparel Manufacturing (except Contractors)	14	0.000278090597990814	-0.458931389264273	32.14
2	315990	Apparel Accessories and Other Apparel Manufacturing	18	8.37690705569506e-05	-0.215811251508816	40.27
2	316110	Leather and Hide Tanning and Finishing	12	2.2957188274253e-05	-0.741185427255166	24.42
2	316210	Footwear Manufacturing	9	7.42351258013763e-05	-0.849595231380552	21.67
2	316990	Other Leather and Allied Product Manufacturing	20	7.6076519463554e-05	-0.71003310632657	25.69
2	321113	Sawmills	23	0.000469985616019377	-1.77868979427803	4.33
2	321114	Wood Preservation	18	6.63590089846473e-05	-0.999871532693725	18.18
2	321211	Hardwood Veneer and Plywood Manufacturing	20	7.49177608350184e-05	-0.644161999357772	27.48
2	321212	Softwood Veneer and Plywood Manufacturing	12	8.52261234859012e-05	-1.05344898173395	17.12
2	321215	Engineered Wood Member Manufacturing	25	0.000229204751295865	-0.55238295381129	29.07
2	321219	Reconstituted Wood Product Manufacturing	21	8.214566119123e-05	-0.487068752652356	31.29
2	321911	Wood Window and Door Manufacturing	14	0.000331232874895531	-0.209874296443739	40.59
2	321912	Cut Stock, Resawing Lumber, and Planing	18	7.64551237679269e-05	-1.07077061946092	16.17
2	321918	Other Millwork (including Flooring)	22	0.000210762132529817	-0.891874017537774	20.3
2	321920	Wood Container and Pallet Manufacturing	20	0.000399381649682669	-1.19769445807508	12.79
2	321991	Manufactured Home (Mobile Home) Manufacturing	13	0.000178729913808321	-0.676790581528417	26.64
2	321992	Prefabricated Wood Building Manufacturing	22	0.000109043776088275	-0.986982057987811	18.39
2	321999	All Other Miscellaneous Wood Product Manufacturing	22	0.000203115472867254	-1.484987158309	8.03
2	322110	Pulp Mills	8	2.62384255788189e-05	-0.531885062807607	29.7
2	322120	Paper Mills	21	0.000289534773554815	-0.232156997770036	39.75
2	322130	Paperboard Mills	19	0.000188808819305038	0.235275084354113	56.24
2	322211	Corrugated and Solid Fiber Box Manufacturing	18	0.000608095877111559	0.613484864999856	72.3
2	322212	Folding Paperboard Box Manufacturing	15	0.000166448219631615	1.31582328177003	91.44
2	322219	Other Paperboard Container Manufacturing	15	0.000150185443830139	0.615715987181905	72.52
2	322220	Paper Bag and Coated and Treated Paper Manufacturing	18	0.000313386844730313	0.884933122374436	80.34
2	322230	Stationery Product Manufacturing	18	7.5950318028763e-05	1.1827610864784	88.37
2	322291	Sanitary Paper Product Manufacturing	17	0.000165128840995164	0.764600242946214	77.27
2	322299	All Other Converted Paper Product Manufacturing	14	0.000102819750781537	0.837172594608405	79.49
2	323111	Commercial Printing (except Screen and Books)	23	0.00151734279620756	-0.112072228267335	43.76
2	323113	Commercial Screen Printing	23	0.000460858957712446	-0.55953130317508	28.75
2	323117	Books Printing	15	7.55545044378276e-05	1.15584526149135	87.63
2	323120	Support Activities for Printing	19	9.54771218482425e-05	1.08400272576882	86.26
2	324110	Petroleum Refineries	18	0.000371921364757919	-0.698600408153032	26.11
2	324121	Asphalt Paving Mixture and Block Manufacturing	22	0.000102722231491016	-0.143241285003096	42.39
2	324122	Asphalt Shingle and Coating Materials Manufacturing	21	7.89045788886431e-05	0.889526080215658	80.66
2	324191	Petroleum Lubricating Oil and Grease Manufacturing	17	6.38349802888274e-05	0.96260515041362	82.66
2	324199	All Other Petroleum and Coal Products Manufacturing	10	2.66916034582956e-05	0.426455988129658	63.32
2	325110	Petrochemical Manufacturing	4	0.000151223737452738	-0.481705158443332	31.5
2	325120	Industrial Gas Manufacturing	16	0.000126786550534118	0.298780226260318	58.77
2	325130	Synthetic Dye and Pigment Manufacturing	17	5.58269256084533e-05	1.05671452527911	85.2
2	325180	Other Basic Inorganic Chemical Manufacturing	19	0.000239415594656227	-0.108432113116955	43.97
2	325193	Ethyl Alcohol Manufacturing	11	6.14256801700902e-05	-1.88322406121368	3.59
2	325194	Cyclic Crude, Intermediate, and Gum and Wood Chemical Manufacturing	14	1.85573473431305e-05	-0.517375878341757	30.44
2	325199	All Other Basic Organic Chemical Manufacturing	17	0.000242111716217671	0.113866402374658	51.27
2	325211	Plastics Material and Resin Manufacturing	16	0.000357287734751018	0.104797924883608	50.85
2	325212	Synthetic Rubber Manufacturing	11	5.46566941222095e-05	0.509416218638375	67.44
2	325220	Artificial and Synthetic Fibers and Filaments Manufacturing	8	0.000139372275440093	0.171530330059516	53.38
2	325311	Nitrogenous Fertilizer Manufacturing	15	5.17483246931624e-05	-0.899924425032126	19.87
2	325312	Phosphatic Fertilizer Manufacturing	7	3.36785738026335e-05	-0.61907914816481	27.91
2	325314	Fertilizer (Mixing Only) Manufacturing	18	4.33501928507071e-05	-0.684852816968165	26.53
2	325315	Compost Manufacturing	14	7.0730167771499e-06	0.458811531336008	65.22
2	325320	Pesticide and Other Agricultural Chemical Manufacturing	13	8.15662818769623e-05	-0.375413792429305	34.78
2	325411	Medicinal and Botanical Manufacturing	12	0.00026058301712799	0.28433959545647	58.25
2	325412	Pharmaceutical Preparation Manufacturing	13	0.00133259536853125	0.709022223778397	75.58
2	325413	In-Vitro Diagnostic Substance Manufacturing	12	0.000163144036611633	1.89035093288305	97.78
2	325414	Biological Product (except Diagnostic) Manufacturing	17	0.000267782235339931	1.07428658892914	85.84
2	325510	Paint and Coating Manufacturing	16	0.000246741014302959	0.265035423680327	57.51
2	325520	Adhesive Manufacturing	16	0.000138437237536868	1.28489657713038	90.8
2	325611	Soap and Other Detergent Manufacturing	17	0.000166620312497239	0.48872447727423	66.6
2	325612	Polish and Other Sanitation Good Manufacturing	13	0.000152021101063463	0.651164483655427	73.36
2	325613	Surface Active Agent Manufacturing	12	2.7466021353604e-05	1.23240022812252	89.64
2	325620	Toilet Preparation Manufacturing	14	0.000328370396897317	0.894775484001901	80.87
2	325910	Printing Ink Manufacturing	14	4.37746885859132e-05	1.2164848970409	89.32
2	325920	Explosives Manufacturing	13	4.08548462991578e-05	-0.440193780510178	32.98
2	325991	Custom Compounding of Purchased Resins	16	9.91484363148897e-05	0.391855763560203	62.26
2	325992	Photographic Film, Paper, Plate, Chemical, and Copy Toner Manufacturing	12	3.52102003066878e-05	0.229621336960777	55.6
2	325998	All Other Miscellaneous Chemical Product and Preparation Manufacturing	20	0.000249551864441486	-0.0813325929385001	45.24
2	326111	Plastics Bag and Pouch Manufacturing	16	0.000226921652611919	0.888494277136928	80.55
2	326112	Plastics Packaging Film and Sheet (including Laminated) Manufacturing	13	0.000140760491222793	1.1526586574372	87.53
2	326113	Unlaminated Plastics Film and Sheet (except Packaging) Manufacturing	19	0.000207584150944626	0.60184723037293	71.35
2	326121	Unlaminated Plastics Profile Shape Manufacturing	16	0.000128369804897859	1.14526840375545	87.1
2	326122	Plastics Pipe and Pipe Fitting Manufacturing	19	0.000186445410617134	-0.293614975092732	37.32
2	326130	Laminated Plastics Plate, Sheet (except Packaging), and Shape Manufacturing	23	0.000116547025029485	1.00277167649517	83.4
2	326140	Polystyrene Foam Product Manufacturing	14	0.00016841007829973	0.489919658403406	66.7
2	326150	Urethane and Other Foam Product (except Polystyrene) Manufacturing	20	0.000214255617701986	0.665106967439261	74
2	326160	Plastics Bottle Manufacturing	14	0.000200230049153623	0.714394815635121	75.79
2	326191	Plastics Plumbing Fixture Manufacturing	13	8.64307735452698e-05	0.796323436546597	78.33
2	326199	All Other Plastics Product Manufacturing	19	0.00172029191263804	-0.505609432911769	30.87
2	326211	Tire Manufacturing (except Retreading)	14	0.000295328566697493	0.376608964896543	61.63
2	326212	Tire Retreading	23	3.73957797001137e-05	0.264946013129016	57.4
2	326220	Rubber and Plastics Hoses and Belting Manufacturing	19	0.000132241894374401	0.441798947472803	63.95
2	326291	Rubber Product Manufacturing for Mechanical Use	11	0.000158256599227909	0.477378362945542	66.07
2	326299	All Other Rubber Product Manufacturing	24	0.000141833203418517	0.154387745243447	52.64
2	327110	Pottery, Ceramics, and Plumbing Fixture Manufacturing	19	9.63375861763629e-05	-0.344756022704186	35.84
2	327120	Clay Building Material and Refractories Manufacturing	18	0.000127377402706094	-0.327164875351287	36.26
2	327211	Flat Glass Manufacturing	17	6.74604033246414e-05	0.896831056287849	81.08
2	327212	Other Pressed and Blown Glass and Glassware Manufacturing	11	6.99672227338989e-05	-0.229061521481985	39.85
2	327213	Glass Container Manufacturing	15	6.49249017711132e-05	0.27925036687438	58.14
2	327215	Glass Product Manufacturing Made of Purchased Glass	15	0.00027094300763856	-0.196979739866928	41.54
2	327310	Cement Manufacturing	23	8.81287564860941e-05	0.37862052059795	61.84
2	327320	Ready-Mix Concrete Manufacturing	29	0.0006184845497664	-1.36215020924846	9.41
2	327331	Concrete Block and Brick Manufacturing	20	0.000108521761062548	0.588937830064272	71.14
2	327332	Concrete Pipe Manufacturing	20	5.7628164268652e-05	1.19674663294722	89.01
2	327390	Other Concrete Product Manufacturing	26	0.000331083727745324	-0.217303289608237	40.17
2	327410	Lime Manufacturing	17	2.44085047743494e-05	-0.140119289056456	42.6
2	327420	Gypsum Product Manufacturing	18	7.09883070699352e-05	0.366520103542507	60.68
2	327910	Abrasive Product Manufacturing	17	5.7501962833861e-05	1.01406323957296	83.83
2	327991	Cut Stone and Stone Product Manufacturing	25	0.000211060426830232	-0.253218827124331	38.79
2	327992	Ground or Treated Mineral and Earth Manufacturing	15	3.94207390856238e-05	0.00236733928200026	48.1
2	327993	Mineral Wool Manufacturing	15	0.000101001302834776	0.34513541116767	60.15
2	327999	All Other Miscellaneous Nonmetallic Mineral Product Manufacturing	15	7.42293893725221e-05	-0.140469079222649	42.49
2	331110	Iron and Steel Mills and Ferroalloy Manufacturing	12	0.000493384509315398	-0.333424817301596	36.15
2	331210	Iron and Steel Pipe and Tube Manufacturing from Purchased Steel	19	0.000160258612898002	-0.00256482452483643	47.78
2	331221	Rolled Steel Shape Manufacturing	18	0.000125926086205997	0.413069677395374	62.68
2	331222	Steel Wire Drawing	13	5.96990150849952e-05	0.166563351386033	53.07
2	331313	Alumina Refining and Primary Aluminum Production	12	4.47269357756998e-05	0.104981256083715	50.95
2	331314	Secondary Smelting and Alloying of Aluminum	11	3.28181094745131e-05	0.356857069425739	60.57
2	331315	Aluminum Sheet, Plate, and Foil Manufacturing	11	0.000108378350341195	0.552846986402477	69.45
2	331318	Other Aluminum Rolling, Drawing, and Extruding	16	0.000155554741237611	0.546507309681618	69.24
2	331410	Nonferrous Metal (except Aluminum) Smelting and Refining	16	4.70903444636039e-05	0.69964254091593	75.48
2	331420	Copper Rolling, Drawing, Extruding, and Alloying	20	0.000165237833143393	0.732417511914467	76.32
2	331491	Nonferrous Metal (except Copper and Aluminum) Rolling, Drawing, and Extruding	16	8.91268951067138e-05	0.749925117833514	76.74
2	331492	Secondary Smelting, Refining, and Alloying of Nonferrous Metal (except Copper and Aluminum)	16	6.0112037962493e-05	0.752458352926399	76.96
2	331511	Iron Foundries	12	0.000190644476538362	-0.0816948877702382	45.14
2	331512	Steel Investment Foundries	13	6.33531202650799e-05	1.26194908613029	90.17
2	331513	Steel Foundries (except Investment)	13	6.35596317038288e-05	0.420775729323004	62.9
2	331523	Nonferrous Metal Die-Casting Foundries	19	0.000119604541608739	0.436955709784793	63.53
2	331524	Aluminum Foundries (except Die-Casting)	12	8.85417793635919e-05	0.61443299636959	72.41
2	331529	Other Nonferrous Metal Foundries (except Die-Casting)	13	7.61109380366788e-05	0.453842367151473	64.69
2	332111	Iron and Steel Forging	12	0.000116816637185629	0.371027753153929	61.1
2	332112	Nonferrous Forging	8	3.95641498069772e-05	1.74889748689029	97.15
2	332114	Custom Roll Forming	9	3.46595031366908e-05	0.603848086090635	71.56
2	332117	Powder Metallurgy Part Manufacturing	10	4.69010423114174e-05	1.27288987980138	90.59
2	332119	Metal Crown, Closure, and Other Metal Stamping (except Automotive)	15	0.000274648740678332	0.589946471185963	71.25
2	332215	Metal Kitchen Cookware, Utensil, Cutlery, and Flatware (except Precious) Manufacturing	13	5.58039798930367e-05	0.158545061324259	52.96
2	332216	Saw Blade and Handtool Manufacturing	19	0.00014785645371536	0.118284066427372	51.48
2	332311	Prefabricated Metal Building and Component Manufacturing	23	0.000219567550820916	-0.863011334999578	20.72
2	332312	Fabricated Structural Metal Manufacturing	24	0.000578054199202448	-0.475479647561612	31.82
2	332313	Plate Work Manufacturing	24	0.000282524857495061	-0.540172012340219	29.49
2	332321	Metal Window and Door Manufacturing	16	0.000392348787907498	0.0480602037943526	49.47
2	332322	Sheet Metal Work Manufacturing	20	0.000671385896659244	-0.281098685408668	37.74
2	332323	Ornamental and Architectural Metal Work Manufacturing	19	0.00026456409875276	-0.208083548086424	40.7
2	332410	Power Boiler and Heat Exchanger Manufacturing	14	0.000130716004299201	0.773411125837114	77.7
2	332420	Metal Tank (Heavy Gauge) Manufacturing	22	0.000222630803829025	-0.290081856345833	37.53
2	332431	Metal Can Manufacturing	17	0.000124405932559651	1.40962714736899	93.66
2	332439	Other Metal Container Manufacturing	17	8.41304655747612e-05	0.458586365754354	65.12
2	332510	Hardware Manufacturing	17	0.000131828871496903	0.51032796205122	67.55
2	332613	Spring Manufacturing	10	8.90580579604641e-05	1.26910891347895	90.49
2	332618	Other Fabricated Wire Product Manufacturing	18	0.000139624678309675	-0.0768380669408404	45.45
2	332710	Machine Shops	21	0.00153859052868328	-1.04841231923489	17.23
2	332721	Precision Turned Product Manufacturing	14	0.000226674986171191	0.368674356470825	60.89
2	332722	Bolt, Nut, Screw, Rivet, and Washer Manufacturing	16	0.000206195935161925	0.920368051674975	81.71
2	332811	Metal Heat Treating	11	0.00010495943874413	1.1998242308966	89.11
2	332812	Metal Coating, Engraving (except Jewelry and Silverware), and Allied Services to Manufacturers	17	0.000344076739099942	0.0677638242138521	49.89
2	332813	Electroplating, Plating, Polishing, Anodizing, and Coloring	16	0.000306078634370144	0.292805152755457	58.67
2	332911	Industrial Valve Manufacturing	17	0.000158445901380095	0.89665962680497	80.97
2	332912	Fluid Power Valve and Hose Fitting Manufacturing	16	0.0002069244616264	0.934480848081237	81.82
2	332913	Plumbing Fixture Fitting and Trim Manufacturing	14	6.63073811249601e-05	1.0535954272452	84.88
2	332919	Other Metal Valve and Pipe Fitting Manufacturing	17	8.55014720708997e-05	0.801152815866082	78.44
2	332991	Ball and Roller Bearing Manufacturing	12	0.000115021134954284	0.730681735451053	76.22
2	332992	Small Arms Ammunition Manufacturing	12	7.00073777358779e-05	-1.09209471442464	15.96
2	332993	Ammunition (except Small Arms) Manufacturing	6	0.000103301610805284	0.537678618907659	68.6
2	332994	Small Arms, Ordnance, and Ordnance Accessories Manufacturing	22	0.000145366843592665	-0.104533525133386	44.08
2	332996	Fabricated Pipe and Pipe Fitting Manufacturing	14	0.000188246649277333	-0.0224869514120849	47.15
2	332999	All Other Miscellaneous Fabricated Metal Product Manufacturing	16	0.000506928217840014	-0.624151363065749	27.8
2	333111	Farm Machinery and Equipment Manufacturing	13	0.000383313912462233	-2.14577369809979	1.8
2	333112	Lawn and Garden Tractor and Home Lawn and Garden Equipment Manufacturing	14	9.23106131207593e-05	0.066866053194779	49.79
2	333120	Construction Machinery Manufacturing	16	0.000438205800167462	-0.644903968194899	27.38
2	333131	Mining Machinery and Equipment Manufacturing	17	5.56318870274126e-05	-0.443507153968814	32.77
2	333132	Oil and Gas Field Machinery and Equipment Manufacturing	5	0.000271688743389598	-1.50448393968367	7.61
2	333241	Food Product Machinery Manufacturing	16	0.000121348415980397	0.127020121241464	51.9
2	333242	Semiconductor Machinery Manufacturing	7	0.000167228373955778	1.95203252217539	97.99
2	333243	Sawmill, Woodworking, and Paper Machinery Manufacturing	16	7.33517157578393e-05	0.0908433019244873	50.53
2	333248	All Other Industrial Machinery Manufacturing	16	0.000408238695833455	0.119642633052013	51.69
2	333310	Commercial and Service Industry Machinery Manufacturing	20	0.000512945731708003	0.331962988848433	59.83
2	333413	Industrial and Commercial Fan and Blower and Air Purification Equipment Manufacturing	15	0.000188923547882121	0.530062591917372	68.39
2	333414	Heating Equipment (except Warm Air Furnaces) Manufacturing	21	8.95628636996281e-05	0.256723076511279	57.08
2	333415	Air-Conditioning and Warm Air Heating Equipment and Commercial and Industrial Refrigeration Equipment Manufacturing	15	0.000567676999405316	0.103382488800516	50.74
2	333511	Industrial Mold Manufacturing	14	0.000185206341984641	0.146420086959734	52.33
2	333514	Special Die and Tool, Die Set, Jig, and Fixture Manufacturing	12	0.000295391667414888	-0.0891973261005799	44.61
2	333515	Cutting Tool and Machine Tool Accessory Manufacturing	17	0.000121956477438935	0.721161879080811	75.9
2	333517	Machine Tool Manufacturing	13	0.000243763807727663	0.176504368663056	53.59
2	333519	Rolling Mill and Other Metalworking Machinery Manufacturing	11	6.58197846723585e-05	0.822821365018603	79.18
2	333611	Turbine and Turbine Generator Set Units Manufacturing	13	0.000116088110721154	0.681306601164873	74.74
2	333612	Speed Changer, Industrial High-Speed Drive, and Gear Manufacturing	13	6.48847467691343e-05	1.38703815160903	93.02
2	333613	Mechanical Power Transmission Equipment Manufacturing	19	7.64207051948021e-05	0.987301825145622	83.09
2	333618	Other Engine Equipment Manufacturing	13	0.000278130752992792	0.406708375049333	62.47
2	333912	Air and Gas Compressor Manufacturing	15	0.000113959895616269	0.508639396612742	67.34
2	333914	Measuring, Dispensing, and Other Pumping Equipment Manufacturing	19	0.000160981402933623	0.0323303369501432	49.15
2	333921	Elevator and Moving Stairway Manufacturing	12	6.66802490004789e-05	1.13724576587403	87
2	333922	Conveyor and Conveying Equipment Manufacturing	19	0.00021204135616429	-0.0216737240682348	47.36
2	333923	Overhead Traveling Crane, Hoist, and Monorail System Manufacturing	17	9.124363735389e-05	0.571483161783627	70.3
2	333924	Industrial Truck, Tractor, Trailer, and Stacker Machinery Manufacturing	16	0.000189107113605453	-0.291004104337674	37.42
2	333991	Power-Driven Handtool Manufacturing	10	5.92917286363515e-05	1.21703328948295	89.43
2	333992	Welding and Soldering Equipment Manufacturing	11	9.16050323717006e-05	-0.0143896694945057	47.67
2	333993	Packaging Machinery Manufacturing	14	0.000140611344072586	1.00506464665154	83.51
2	333994	Industrial Process Furnace and Oven Manufacturing	11	5.7077467098655e-05	1.10179254444243	86.47
2	333995	Fluid Power Cylinder and Actuator Manufacturing	15	9.16509238025337e-05	0.424461398026853	63.11
2	333996	Fluid Power Pump and Motor Manufacturing	12	0.000106032150939853	0.69480868497715	75.16
2	333998	All Other Miscellaneous General Purpose Machinery Manufacturing	16	0.00027894532589008	0.232163527065891	55.81
2	334111	Electronic Computer Manufacturing	9	0.000356019983974253	2.45334895893634	99.68
2	334112	Computer Storage Device Manufacturing	5	7.95470589203063e-05	2.17849947519586	99.26
2	334118	Computer Terminal and Other Computer Peripheral Equipment Manufacturing	12	0.000175787125806149	1.66985570995739	96.19
2	334210	Telephone Apparatus Manufacturing	10	7.85948117305197e-05	2.15020808160332	99.05
2	334220	Radio and Television Broadcasting and Wireless Communications Equipment Manufacturing	14	0.000292661127280319	1.55394391303613	95.45
2	334290	Other Communications Equipment Manufacturing	17	0.000105928895220479	1.37913602305983	92.81
2	334310	Audio and Video Equipment Manufacturing	11	0.000110661449025141	1.63911361129933	95.98
2	334412	Bare Printed Circuit Board Manufacturing	15	0.000157637064911662	1.83988792515423	97.46
2	334413	Semiconductor and Related Device Manufacturing	8	0.00117896806738863	1.42936386022284	93.87
2	334416	Capacitor, Resistor, Coil, Transformer, and Other Inductor Manufacturing	16	9.84944834255181e-05	1.18576891608111	88.58
2	334417	Electronic Connector Manufacturing	14	0.000133222823708459	1.81620749027079	97.36
2	334418	Printed Circuit Assembly (Electronic Assembly) Manufacturing	16	0.000346245109206805	1.33321846588778	91.75
2	334419	Other Electronic Component Manufacturing	15	0.000373625084127597	0.48321815136108	66.28
2	334510	Electromedical and Electrotherapeutic Apparatus Manufacturing	9	0.000427226275340646	2.0243298512621	98.31
2	334511	Search, Detection, Navigation, Guidance, Aeronautical, and Nautical System and Instrument Manufacturing	12	0.000706257647663538	1.15134859684758	87.32
2	334512	Automatic Environmental Control Manufacturing for Residential, Commercial, and Appliance Use	13	7.52447372797042e-05	1.23925751490627	89.75
2	334513	Instruments and Related Products Manufacturing for Measuring, Displaying, and Controlling Industrial Process Variables	19	0.000329374271946791	0.769223330951862	77.59
2	334514	Totalizing Fluid Meter and Counting Device Manufacturing	12	5.19089447010783e-05	1.41580088229462	93.76
2	334515	Instrument Manufacturing for Measuring and Testing Electricity and Electrical Signals	10	0.000209368180318262	1.37575843341786	92.49
2	334516	Analytical Laboratory Instrument Manufacturing	15	0.000257514027691027	2.02765913205876	98.41
2	334517	Irradiation Apparatus Manufacturing	8	7.70803945130278e-05	2.75523176677075	99.89
2	334519	Other Measuring and Controlling Device Manufacturing	12	0.000236094202349683	1.46122962585766	94.29
2	334610	Manufacturing and Reproducing Magnetic and Optical Media	11	6.70186983028729e-05	1.31483589347653	91.33
2	335131	Residential Electric Lighting Fixture Manufacturing	13	3.86520576191696e-05	1.1787592342952	88.16
2	335132	Commercial, Industrial, and Institutional Electric Lighting Fixture Manufacturing	17	0.000105963313793603	1.37168599307867	92.28
2	335139	Electric Lamp Bulb and Other Lighting Equipment Manufacturing	12	6.71219540222474e-05	1.26741984983561	90.38
2	335210	Small Electrical Appliance Manufacturing	9	5.98424258063486e-05	0.790077576321259	78.12
2	335220	Major Household Appliance Manufacturing	11	0.000289075859246484	-0.025309419222105	47.04
2	335311	Power, Distribution, and Specialty Transformer Manufacturing	13	0.000194912379605839	0.559735808091203	69.77
2	335312	Motor and Generator Manufacturing	17	0.000209890195343989	0.469513107649305	65.64
2	335313	Switchgear and Switchboard Apparatus Manufacturing	15	0.00025689449337478	0.80460827079764	78.54
2	335314	Relay and Industrial Control Manufacturing	13	0.000249282252285342	0.810532428365583	78.86
2	335910	Battery Manufacturing	13	0.000321630092993707	0.891969491723111	80.76
2	335921	Fiber Optic Cable Manufacturing	9	6.98410212991079e-05	1.48424923809615	94.82
2	335929	Other Communication and Energy Wire Manufacturing	15	7.52160551354335e-05	1.40880101610003	93.55
2	335931	Current-Carrying Wiring Device Manufacturing	15	0.000169218914768163	1.06029808938515	85.31
2	335932	Noncurrent-Carrying Wiring Device Manufacturing	12	6.67318768601661e-05	1.02702593773074	84.14
2	335991	Carbon and Graphite Product Manufacturing	16	5.9693278656141e-05	1.10706414773742	86.58
2	335999	All Other Miscellaneous Electrical Equipment and Component Manufacturing	16	0.000219395457955292	1.37822009632251	92.71
2	336110	Automobile and Light Duty Motor Vehicle Manufacturing	10	0.00145571634102757	0.785321949606879	78.01
2	336120	Heavy Duty Truck Manufacturing	15	0.0002296005648868	0.539491590438733	68.92
2	336211	Motor Vehicle Body Manufacturing	15	0.000359324166994236	-0.440115012113627	33.09
2	336212	Truck Trailer Manufacturing	21	0.000242960707688084	-1.12542578940453	15.22
2	336213	Motor Home Manufacturing	4	9.45879753758514e-05	-0.299148339180643	37
2	336214	Travel Trailer and Camper Manufacturing	11	0.000255282556866768	-1.31511054094889	10.15
2	336310	Motor Vehicle Gasoline Engine and Engine Parts Manufacturing	13	0.000335896591553944	-0.240743841527542	39.53
2	336320	Motor Vehicle Electrical and Electronic Equipment Manufacturing	12	0.000352165103784274	-0.0732065358031019	45.77
2	336330	Motor Vehicle Steering and Suspension Components (except Spring) Manufacturing	11	0.00018401316478298	0.224888197081735	55.39
2	336340	Motor Vehicle Brake System Manufacturing	9	0.000118933379432805	0.671700442512487	74.21
2	336350	Motor Vehicle Transmission and Power Train Parts Manufacturing	9	0.000452977104466863	0.266381451735379	57.61
2	336360	Motor Vehicle Seating and Interior Trim Manufacturing	11	0.000434683632851023	0.190065782021032	54.33
2	336370	Motor Vehicle Metal Stamping	11	0.000477339717810379	0.225315000580202	55.5
2	336390	Other Motor Vehicle Parts Manufacturing	15	0.000890660889608599	-0.413625870060034	33.83
2	336411	Aircraft Manufacturing	11	0.00146734408231491	0.505776793540781	67.23
2	336412	Aircraft Engine and Engine Parts Manufacturing	12	0.000529937033973954	1.15255245556374	87.42
2	336413	Other Aircraft Parts and Auxiliary Equipment Manufacturing	17	0.000605204716969075	0.513336273096488	67.86
2	336414	Guided Missile and Space Vehicle Manufacturing	8	0.000468385152369073	2.1738604327207	99.15
2	336415	Guided Missile and Space Vehicle Propulsion Unit and Propulsion Unit Parts Manufacturing	12	0.000112996175568774	1.48621334553955	94.93
2	336419	Other Guided Missile and Space Vehicle Parts and Auxiliary Equipment Manufacturing	5	5.36700283592981e-05	2.69898287057653	99.79
2	336510	Railroad Rolling Stock Manufacturing	16	0.000130469337858473	0.543689771104566	69.13
2	336611	Ship Building and Repairing	10	0.000623440824296374	0.167300262719916	53.17
2	336612	Boat Building	17	0.000256039765475514	-0.439015146503934	33.3
2	336991	Motorcycle, Bicycle, and Parts Manufacturing	9	5.91081629130192e-05	0.660094755241499	73.78
2	336992	Military Armored Vehicle, Tank, and Tank Component Manufacturing	10	4.99126674598389e-05	1.3779656148944	92.6
2	336999	All Other Transportation Equipment Manufacturing	10	0.000122214616737371	-0.270312969942793	38.27
2	337110	Wood Kitchen Cabinet and Countertop Manufacturing	21	0.000730689098153304	-1.05893568212792	16.7
2	337121	Upholstered Household Furniture Manufacturing	7	0.000275216647134891	-0.689788343763719	26.43
2	337122	Nonupholstered Wood Household Furniture Manufacturing	20	0.0001716282148869	-0.861213242983035	20.82
2	337126	Household Furniture (except Wood and Upholstered) Manufacturing	9	5.86148300315634e-05	0.521448765791434	68.29
2	337127	Institutional Furniture Manufacturing	16	0.000137421889629686	0.272628864206654	57.93
2	337211	Wood Office Furniture Manufacturing	7	8.72281371559947e-05	0.471587145465222	65.75
2	337212	Custom Architectural Woodwork and Millwork Manufacturing	22	0.000169545891212849	0.31585870042649	59.51
2	337214	Office Furniture (except Wood) Manufacturing	9	0.000108303776766091	0.965826958609239	82.77
2	337215	Showcase, Partition, Shelving, and Locker Manufacturing	21	0.000223864136032664	0.442913171124827	64.06
2	337910	Mattress Manufacturing	17	0.000114493383499704	0.878797649856677	80.13
2	337920	Blind and Shade Manufacturing	16	5.21900297149309e-05	1.34148617610872	91.86
2	339112	Surgical and Medical Instrument Manufacturing	15	0.00081724033670451	1.05367088026109	84.99
2	339113	Surgical Appliance and Supplies Manufacturing	17	0.000588746902586558	0.538814782410562	68.82
2	339114	Dental Equipment and Supplies Manufacturing	11	9.77085926725015e-05	0.95610834859702	82.56
2	339115	Ophthalmic Goods Manufacturing	11	0.00013942390329978	1.2465742965671	89.85
2	339116	Dental Laboratories	15	0.000283849972560366	-0.130446942766124	43.02
2	339910	Jewelry and Silverware Manufacturing	14	0.000152531643231481	-0.42403462905296	33.62
2	339920	Sporting and Athletic Goods Manufacturing	19	0.000285157878339109	-0.763158939128744	23.36
2	339930	Doll, Toy, and Game Manufacturing	15	8.06886082622794e-05	-0.312906012296973	36.79
2	339940	Office Supplies (except Paper) Manufacturing	12	6.08749830000931e-05	0.696280850121357	75.26
2	339950	Sign Manufacturing	20	0.000516404798307047	-0.364486169014339	35.2
2	339991	Gasket, Packing, and Sealing Device Manufacturing	13	0.000166270390337137	0.511589402565009	67.76
2	339992	Musical Instrument Manufacturing	14	7.48087686867899e-05	0.0136963049592392	48.52
2	339993	Fastener, Button, Needle, and Pin Manufacturing	11	2.99212129031743e-05	1.17905643379978	88.27
2	339994	Broom, Brush, and Mop Manufacturing	14	4.58283301156939e-05	0.72647332588968	76.11
2	339995	Burial Casket Manufacturing	10	1.87753316395877e-05	-0.0865761619239715	44.82
2	339999	All Other Miscellaneous Manufacturing	14	0.000458965936190581	-0.664570868070229	26.85
2	423110	Automobile and Other Motor Vehicle Merchant Wholesalers	27	0.000815582508765665	-0.19784632854608	41.33
2	423120	Motor Vehicle Supplies and New Parts Merchant Wholesalers	16	0.00105776879855844	-0.520996102835686	30.34
2	423130	Tire and Tube Merchant Wholesalers	21	0.000202203380679446	0.400598405803766	62.37
2	423140	Motor Vehicle Parts (Used) Merchant Wholesalers	23	0.000135482976676988	-0.356292048826894	35.31
2	423210	Furniture Merchant Wholesalers	17	0.000296441433895195	0.238984588736282	56.45
2	423220	Home Furnishing Merchant Wholesalers	12	0.00036337982219411	0.215673392776555	54.86
2	423310	Lumber, Plywood, Millwork, and Wood Panel Merchant Wholesalers	22	0.000669011015113632	-0.477813730075707	31.71
2	423320	Brick, Stone, and Related Construction Material Merchant Wholesalers	17	0.000392974058652599	-0.195563340578659	41.65
2	423330	Roofing, Siding, and Insulation Material Merchant Wholesalers	26	0.000272543471288864	0.621825549558207	72.62
2	423390	Other Construction Material Merchant Wholesalers	22	0.000215334066326564	-0.115747316888939	43.66
2	423410	Photographic Equipment and Supplies Merchant Wholesalers	7	6.75062947554745e-05	1.74384275555712	97.04
2	423420	Office Equipment Merchant Wholesalers	22	0.000402335910542549	1.14762738458429	87.21
2	423430	Computer and Computer Peripheral Equipment and Software Merchant Wholesalers	15	0.00131644732130686	1.35312193215504	92.07
2	423440	Other Commercial Equipment Merchant Wholesalers	16	0.000343181856198697	0.853856259722836	79.7
2	423450	Medical, Dental, and Hospital Equipment and Supplies Merchant Wholesalers	21	0.00183227847672849	0.653955775299746	73.57
2	423460	Ophthalmic Goods Merchant Wholesalers	15	0.000130016159978996	1.57807605535302	95.77
2	423490	Other Professional Equipment and Supplies Merchant Wholesalers	19	0.000220927084459347	1.06135329728055	85.41
2	423510	Metal Service Centers and Other Metal Merchant Wholesalers	16	0.000770247511531427	-0.506493201460344	30.76
2	423520	Coal and Other Mineral and Ore Merchant Wholesalers	13	1.54080479022098e-05	0.633401310186745	72.94
2	423610	Electrical Apparatus and Equipment, Wiring Supplies, and Related Equipment Merchant Wholesalers	22	0.00115575273981594	0.24669000862407	56.77
2	423620	Household Appliances, Electric Housewares, and Consumer Electronics Merchant Wholesalers	14	0.000207285856644211	1.32977647842075	91.65
2	423690	Other Electronic Parts and Equipment Merchant Wholesalers	13	0.000824238779906556	0.766104324268343	77.48
2	423710	Hardware Merchant Wholesalers	18	0.000542585859597324	0.0611281739519613	49.68
2	423720	Plumbing and Heating Equipment and Supplies (Hydronics) Merchant Wholesalers	25	0.000703148503224596	0.326001353432984	59.62
2	423730	Warm Air Heating and Air-Conditioning Equipment and Supplies Merchant Wholesalers	19	0.000490326992736144	0.680419122151974	74.63
2	423740	Refrigeration Equipment and Supplies Merchant Wholesalers	20	9.42380532157491e-05	1.0320812476828	84.46
2	423810	Construction and Mining (except Oil Well) Machinery and Equipment Merchant Wholesalers	32	0.000629165780292802	-0.316728770160103	36.58
2	423820	Farm and Garden Machinery and Equipment Merchant Wholesalers	21	0.000681160771426692	-2.15727848332907	1.59
2	423830	Industrial Machinery and Equipment Merchant Wholesalers	18	0.00201256869918514	-0.62729780842169	27.59
2	423840	Industrial Supplies Merchant Wholesalers	22	0.000628706865984471	-0.296392943655108	37.21
2	423850	Service Establishment Equipment and Supplies Merchant Wholesalers	23	0.000336103102992693	0.245533313352805	56.66
2	423860	Transportation Equipment and Supplies (except Motor Vehicle) Merchant Wholesalers	11	0.000235291102310104	0.0304941550650977	49.05
2	423910	Sporting and Recreational Goods and Supplies Merchant Wholesalers	19	0.000373980742716554	-0.065634950897093	45.88
2	423920	Toy and Hobby Goods and Supplies Merchant Wholesalers	13	0.000144443278547149	0.510956667753931	67.65
2	423930	Recyclable Material Merchant Wholesalers	22	0.000628741284557596	-1.29467361552896	10.57
2	423940	Jewelry, Watch, Precious Stone, and Precious Metal Merchant Wholesalers	9	0.000216641972105307	0.6054499939693	71.78
2	423990	Other Miscellaneous Durable Goods Merchant Wholesalers	14	0.00055520026664757	-0.553225161678406	28.96
2	424110	Printing and Writing Paper Merchant Wholesalers	17	6.73686204629752e-05	1.73494812418427	96.83
2	424120	Stationery and Office Supplies Merchant Wholesalers	17	0.000227816535513164	0.664697172055719	73.89
2	424130	Industrial and Personal Service Paper Merchant Wholesalers	13	0.000373688184844993	0.945968364332061	82.03
2	424210	Drugs and Druggists' Sundries Merchant Wholesalers	18	0.00149846994527745	0.374076149280925	61.31
2	424310	Piece Goods, Notions, and Other Dry Goods Merchant Wholesalers	9	0.000133389180145229	0.567612448899696	69.98
2	424340	Footwear Merchant Wholesalers	12	0.000133050730842834	1.3119608724222	91.23
2	424350	Clothing and Clothing Accessories Merchant Wholesalers	9	0.000572874203947163	0.270029975058213	57.82
2	424410	General Line Grocery Merchant Wholesalers	23	0.00149958281247515	0.633705505236523	73.04
2	424420	Packaged Frozen Food Merchant Wholesalers	16	0.00021173732543502	0.499531829213499	67.12
2	424430	Dairy Product (except Dried or Canned) Merchant Wholesalers	12	0.000202794232851422	0.117347698595677	51.37
2	424440	Poultry and Poultry Product Merchant Wholesalers	19	7.23191585640948e-05	-0.119502721096364	43.45
2	424450	Confectionery Merchant Wholesalers	21	0.000387071273361693	-0.485406100912312	31.4
2	424460	Fish and Seafood Merchant Wholesalers	14	0.000168777209746395	0.570187782707941	70.19
2	424470	Meat and Meat Product Merchant Wholesalers	11	0.000282599431070165	0.134893581377728	52.22
2	424480	Fresh Fruit and Vegetable Merchant Wholesalers	14	0.000575054046911735	0.110652637674567	51.06
2	424490	Other Grocery and Related Products Merchant Wholesalers	26	0.00146346625640951	0.0189425501458733	48.73
2	424510	Grain and Field Bean Merchant Wholesalers	15	0.000237419317414988	-2.66087665087827	0.21
2	424520	Livestock Merchant Wholesalers	21	9.33718524587745e-05	-2.20265589722682	1.37
2	424590	Other Farm Product Raw Material Merchant Wholesalers	21	9.97278156291574e-05	-1.16118853503221	14.27
2	424610	Plastics Materials and Basic Forms and Shapes Merchant Wholesalers	15	0.000180852392484351	0.286132168349696	58.35
2	424690	Other Chemical and Allied Products Merchant Wholesalers	19	0.000709670822831749	-0.74970888113536	24.21
2	424710	Petroleum Bulk Stations and Terminals	25	0.000201595319220908	-1.79560955229094	4.12
2	424720	Petroleum and Petroleum Products Merchant Wholesalers (except Bulk Stations and Terminals)	19	0.000392939640079474	-1.69938969715442	5.18
2	424810	Beer and Ale Merchant Wholesalers	28	0.00066450218203428	0.457350706464904	64.9
2	424820	Wine and Distilled Alcoholic Beverage Merchant Wholesalers	21	0.000581656676522846	0.944986901315645	81.92
2	424910	Farm Supplies Merchant Wholesalers	21	0.00070786958417155	-2.25747105903044	1.16
2	424920	Book, Periodical, and Newspaper Merchant Wholesalers	19	0.000158663885676552	0.0706506478280666	50
2	424930	Flower, Nursery Stock, and Florists' Supplies Merchant Wholesalers	9	0.000290395237882936	-0.38355996776702	34.57
2	424940	Tobacco Product and Electronic Cigarette Merchant Wholesalers	24	0.000144758782134126	0.383560147244819	62.05
2	424950	Paint, Varnish, and Supplies Merchant Wholesalers	17	0.000137387471056561	0.653362862353208	73.47
2	424990	Other Miscellaneous Nondurable Goods Merchant Wholesalers	9	0.000523753163669195	-0.246506242459611	39.01
2	425120	Wholesale Trade Agents and Brokers	18	0.00286224280463093	-0.664761387186887	26.74
2	441110	New Car Dealers	32	0.00640986265589635	-0.590474953899165	28.01
2	441120	Used Car Dealers	25	0.00119158821086773	-1.16868037469647	13.74
2	441210	Recreational Vehicle Dealers	31	0.000318377537833412	-0.839469037009283	21.88
2	441222	Boat Dealers	23	0.000238956680347897	-1.02863940428486	17.76
2	441227	Motorcycle, ATV, and All Other Motor Vehicle Dealers	34	0.000479353204338181	-0.896372043268666	20.08
2	441330	Automotive Parts and Accessories Retailers	31	0.00235412140958926	-1.5419371093656	6.66
2	441340	Tire Dealers	31	0.00113732733033645	-1.21626287691311	12.47
2	444110	Home Centers	33	0.00422108233516985	-0.438859207912886	33.4
2	444120	Paint and Wallpaper Retailers	28	0.000255076045428019	-0.268618596032067	38.37
2	444140	Hardware Retailers	30	0.00105155624610941	-1.61842149750205	5.6
2	444180	Other Building Material Dealers	27	0.00154545703402168	-1.14642853156928	14.8
2	444230	Outdoor Power Equipment Retailers	24	0.000195744161789689	-0.837222331330696	21.99
2	444240	Nursery, Garden Center, and Farm Supply Retailers	36	0.000967511826967461	-1.50536813629349	7.51
2	445110	Supermarkets and Other Grocery (except Convenience) Stores	22	0.0151860481055547	-1.40700612186392	8.99
2	445131	Convenience Retailers	15	0.00102751487278173	-1.02228725854808	17.97
2	445132	Vending Machine Operators	16	0.000236966139535511	0.124113663518626	51.8
2	445230	Fruit and Vegetable Retailers	17	0.000227065063333272	-0.85741040089362	21.14
2	445240	Meat Retailers	19	0.00037417004486874	-1.38619653956423	9.3
2	445250	Fish and Seafood Retailers	16	8.79394543339076e-05	-0.151362860754873	42.28
2	445291	Baked Goods Retailers	14	0.000141259560533103	0.273571872571059	58.03
2	445292	Confectionery and Nut Retailers	20	0.000137444835345103	0.33902869674869	59.94
2	445298	All Other Specialty Food Retailers	24	0.000549928488530619	-0.242945545931631	39.22
2	445320	Beer, Wine, and Liquor Retailers	23	0.0010573615121098	-1.39403788994027	9.2
2	449110	Furniture Retailers	26	0.00119173162158908	-0.855193317997867	21.46
2	449121	Floor Covering Retailers	28	0.000430094489767714	-0.567925015130414	28.54
2	449122	Window Treatment Retailers	17	8.50024027605899e-05	0.949918766665801	82.14
2	449129	All Other Home Furnishings Retailers	15	0.000795040357039003	0.438603610257754	63.64
2	449210	Electronics and Appliance Retailers	18	0.00234788591142481	0.00392512016243923	48.31
2	455110	Department Stores	14	0.00586415617900237	0.498487845359089	67.02
2	455211	Warehouse Clubs and Supercenters	34	0.00964491023532873	-0.779159798318992	23.26
2	455219	All Other General Merchandise Retailers	26	0.00358593919601104	-1.88468511503979	3.38
2	456110	Pharmacies and Drug Retailers	25	0.00410267097076278	-1.55987980298599	6.34
2	456120	Cosmetics, Beauty Supplies, and Perfume Retailers	14	0.00120528106654255	0.668988942523673	74.1
2	456130	Optical Goods Retailers	14	0.00041604023907508	1.08139790872461	86.15
2	456191	Food (Health) Supplement Retailers	18	0.000313851495467498	-0.213286558557178	40.38
2	456199	All Other Health and Personal Care Retailers	19	0.000455151211002581	-0.082610937242376	45.03
2	457110	Gasoline Stations with Convenience Stores	35	0.00517631246796061	-1.90280849682993	3.28
2	457120	Other Gasoline Stations	22	0.000550112054253951	-1.5294809919482	6.77
2	457210	Fuel Dealers	19	0.000429939606188652	-1.55706023013395	6.45
2	458110	Clothing and Clothing Accessories Retailers	15	0.00509818804339613	0.840008899247569	79.6
2	458210	Shoe Retailers	16	0.00101150449984983	0.655091690713924	73.68
2	458310	Jewelry Retailers	13	0.000800484228021579	-0.125544993554386	43.13
2	458320	Luggage and Leather Goods Retailers	11	7.10284620719141e-05	0.348269519010771	60.25
2	459110	Sporting Goods Retailers	31	0.00177054876582913	-0.245528847260717	39.11
2	459120	Hobby, Toy, and Game Retailers	31	0.00083005551876465	0.31237403224409	59.09
2	459130	Sewing, Needlework, and Piece Goods Retailers	25	0.000236197458069057	-0.963965360702851	18.71
2	459140	Musical Instrument and Supplies Retailers	18	0.000222034215228195	-0.120994655354373	43.34
2	459210	Book Retailers and News Dealers	25	0.000430008443334902	0.113325093326439	51.16
2	459310	Florists	30	0.00043802223444413	-1.42150515682831	8.77
2	459410	Office Supplies and Stationery Retailers	25	0.000395922583083625	-0.021513469373769	47.46
2	459420	Gift, Novelty, and Souvenir Retailers	24	0.000850431314054542	-0.802183369346214	22.73
2	459510	Used Merchandise Retailers	26	0.00147418190550904	-0.552045587779843	29.18
2	459910	Pet and Pet Supplies Retailers	18	0.000809134762733616	0.224852737769138	55.29
2	459920	Art Dealers	17	0.000136102510993235	-0.527187638737644	30.23
2	459930	Manufactured (Mobile) Home Dealers	24	8.05796161140509e-05	-0.80864281940179	22.52
2	459991	Tobacco, Electronic Cigarette, and Other Smoking Supplies Retailers	24	0.000956136488549709	-1.16759273334639	13.85
2	459999	All Other Miscellaneous Retailers	17	0.0012889755635244	-1.10133927428778	15.75
2	481111	Scheduled Passenger Air Transportation	16	0.00287798930183554	2.12966617132078	98.73
2	481112	Scheduled Freight Air Transportation	8	8.11647318571728e-05	0.977016848616851	82.88
2	481211	Nonscheduled Chartered Passenger Air Transportation	11	0.000260778055709031	0.0827930784618543	50.32
2	481212	Nonscheduled Chartered Freight Air Transportation	14	6.50511032059042e-05	0.951332264522364	82.24
2	481219	Other Nonscheduled Air Transportation	19	4.81630566593273e-05	0.414182049116806	62.79
2	482110	Rail transportation	26	0.00122748678263691	-1.9616407242264	2.64
2	483111	Deep Sea Freight Transportation	6	5.96818057984328e-05	1.0682522200233	85.62
2	483112	Deep Sea Passenger Transportation	3	9.1283792355869e-05	1.2670585169009	90.27
2	483113	Coastal and Great Lakes Freight Transportation	10	5.52934377250186e-05	0.480303830139712	66.17
2	483114	Coastal and Great Lakes Passenger Transportation	11	3.56174867553315e-05	0.910314961993855	81.4
2	483211	Inland Water Freight Transportation	12	0.000134370109479286	-0.198878431211813	41.23
2	483212	Inland Water Passenger Transportation	14	2.64392005887136e-05	0.740177459337637	76.53
2	484110	General Freight Trucking, Local	17	0.00218177614109559	-2.00803407547523	2.54
2	484121	General Freight Trucking, Long-Distance, Truckload	23	0.00382480982992613	-1.84181171564491	3.7
2	484122	General Freight Trucking, Long-Distance, Less Than Truckload	21	0.00159080350411363	-0.0611406237535882	46.09
2	484210	Used Household and Office Goods Moving	22	0.000571044283142694	0.996776767731152	83.3
2	484220	Specialized Freight (except Used Goods) Trucking, Local	29	0.0013937629094029	-2.05331664359364	2.33
2	484230	Specialized Freight (except Used Goods) Trucking, Long-Distance	25	0.000800598956598661	-1.81874509315907	3.91
2	485111	Mixed Mode Transit Systems	8	3.45505109884622e-05	1.72105931223364	96.72
2	485112	Commuter Rail Systems	6	5.88557600434372e-06	3.1610546076516	100
2	485113	Bus and Other Motor Vehicle Transit Systems	13	0.000223382276008917	1.18841059578974	88.69
2	485119	Other Urban Transit Systems	10	7.82448895704174e-06	2.35610662722438	99.58
2	485210	Interurban and Rural Bus Transportation	15	9.21213109685728e-05	0.0422384295216828	49.37
2	485310	Taxi and Ridesharing Services	10	0.000724241352121255	0.809823003890465	78.75
2	485320	Limousine Service	11	0.001010357214079	2.01040491560254	98.2
2	485410	School and Employee Bus Transportation	21	0.00116549319601026	-0.396570027012658	34.25
2	485510	Charter Bus Industry	23	0.000135603441682925	0.610998043983139	72.09
2	485991	Special Needs Transportation	19	0.000454015398089462	-0.207417473666717	40.8
2	485999	All Other Transit and Ground Passenger Transportation	19	0.000243574505575476	0.344256656412239	60.04
2	486110	Pipeline Transportation of Crude Oil	12	7.20151278348255e-05	-1.51796720366108	7.08
2	486210	Pipeline Transportation of Natural Gas	16	0.000203964464337666	-1.9045686634227	3.17
2	486910	Pipeline Transportation of Refined Petroleum Products	19	3.48315960023149e-05	0.180476459960182	53.91
2	486990	All Other Pipeline Transportation	8	7.18200892537849e-06	-0.28492720652267	37.63
2	487110	Scenic and Sightseeing Transportation, Land	20	6.77931161981813e-05	0.409911837817845	62.58
2	487210	Scenic and Sightseeing Transportation, Water	17	0.000119266092306345	0.37684587419783	61.73
2	487990	Scenic and Sightseeing Transportation, Other	13	1.80353323174041e-05	1.01099645631792	83.62
2	488111	Air Traffic Control	20	1.37215378190937e-05	1.46630178113055	94.71
2	488119	Other Airport Operations	14	0.000738295602813888	1.2513584013404	89.96
2	488190	Other Support Activities for Air Transportation	20	0.00084881937754653	-0.177659557581669	41.97
2	488210	Support Activities for Rail Transportation	20	0.000229009712714824	-0.917989224971494	19.34
2	488310	Port and Harbor Operations	11	5.96588600830162e-05	0.496294459770478	66.81
2	488320	Marine Cargo Handling	14	0.000363936255792961	0.367221565053401	60.78
2	488330	Navigational Services to Shipping	11	0.000106422228101934	0.168926749689305	53.28
2	488390	Other Support Activities for Water Transportation	13	5.41863069561703e-05	0.586729255039566	71.04
2	488410	Motor Vehicle Towing	21	0.000507008527843972	-0.834122826882589	22.2
2	488490	Other Support Activities for Road Transportation	23	0.000259407049212892	-0.0418325759465008	46.72
2	488510	Freight Transportation Arrangement	12	0.00169168434194247	-0.002427395312002	47.89
2	488991	Packing and Crating	16	0.00013268359939617	0.694044558231903	75.05
2	488999	All Other Support Activities for Transportation	16	9.81158791211451e-05	0.263173906234442	57.29
2	491110	Postal Service	27	7.47571408271026e-05	-0.392534481348277	34.36
2	492110	Couriers and Express Delivery Services	16	0.00576004573172865	0.329636319095577	59.73
2	492210	Local Messengers and Local Delivery	13	0.00139301717365187	0.737541746213427	76.43
2	493110	General Warehousing and Storage	16	0.0101309807978551	0.249437299358078	56.87
2	493120	Refrigerated Warehousing and Storage	18	0.000425327517389927	0.232414200970951	55.92
2	493130	Farm Product Warehousing and Storage	20	6.14887808874857e-05	-1.9357000765935	3.07
2	493190	Other Warehousing and Storage	20	0.000320109939347361	-0.0967053987940063	44.19
2	512110	Motion Picture and Video Production	9	0.00160001047242452	1.07021760762863	85.73
2	512120	Motion Picture and Video Distribution	5	5.19490997030572e-05	1.51269527699131	95.35
2	512131	Motion Picture Theaters (except Drive-Ins)	22	0.000687694563891553	-0.439133893546498	33.19
2	512132	Drive-In Motion Picture Theaters	22	1.44328549970066e-05	0.450703112796339	64.48
2	512191	Teleproduction and Other Postproduction Services	3	0.000151958000346067	0.90081614120667	81.18
2	512199	Other Motion Picture and Video Industries	11	2.55844726894473e-05	1.84615995602269	97.57
2	512230	Music Publishers	6	5.62112663416804e-05	0.612386639773122	72.2
2	512240	Sound Recording Studios	9	9.00561965810838e-05	-0.368995896673735	34.99
2	512250	Record Production and Distribution	7	6.62844354095435e-05	0.457631319720009	65.01
2	512290	Other Sound Recording Industries	12	2.80396642390176e-05	1.44655141258042	94.19
2	513110	Newspaper Publishers	27	0.00053574229997434	-1.801628746851	4.02
2	513120	Periodical Publishers	14	0.000396662582405808	0.148393618507986	52.54
2	513130	Book Publishers	11	0.000321297380120167	0.576417697512795	70.61
2	513140	Directory and Mailing List Publishers	11	9.17943345238871e-05	1.20494475322282	89.22
2	513191	Greeting Card Publishers	7	1.54252571887722e-05	2.14221667733703	98.94
2	513199	All Other Publishers	14	0.000252919148178864	0.782258508030478	77.8
2	513210	Software Publishers	12	0.00366496997633448	1.73803471269894	96.93
2	516110	Radio Broadcasting Stations	31	0.000320763892236733	-1.05829850616949	16.81
2	516120	Television Broadcasting Stations	24	0.000400913276186723	1.02358325874317	83.93
2	516210	Media Streaming Distribution Services, Social Networks, and Other Media Networks and Content Providers	8	0.00137900307796121	0.440435285287361	63.74
2	517111	Wired Telecommunications Carriers	22	0.00266014267967086	-1.60044855779651	5.71
2	517112	Wireless Telecommunications Carriers (except Satellite)	17	0.000500646828244735	-0.736572787525225	24.84
2	517121	Telecommunications Resellers	14	0.000229101495576491	-0.312086415626629	36.89
2	517410	Satellite Telecommunications	13	5.28726647485731e-05	0.563096775011652	69.87
2	517810	All Other Telecommunications	15	0.000280322068815072	-0.660996906223855	27.06
2	518210	Computing Infrastructure Providers, Data Processing, Web Hosting, and Related Services	11	0.00286887411638631	0.919703972039068	81.61
2	519210	Libraries and Archives	10	0.00016488791098329	-0.298200868464222	37.1
2	519290	Web Search Portals and All Other Information Services	7	0.000933534958864413	1.03158232592055	84.36
2	521110	Monetary Authorities-Central Bank	11	0.000122897251771013	1.05489475508548	85.1
2	522110	Commercial Banking	25	0.00793905691411655	-2.49254598625084	0.53
2	522130	Credit Unions	28	0.00178766626952987	-0.729297234880707	25.16
2	522180	Savings Institutions and Other Depository Credit Intermediation	20	0.000554695460908406	-0.696640832097651	26.22
2	522210	Credit Card Issuing	12	0.000378971435819652	1.39972666645991	93.13
2	522220	Sales Financing	13	0.000490808852759891	-0.188389157199159	41.75
2	522291	Consumer Lending	17	0.000531164629748739	-1.18685530754983	13
2	522292	Real Estate Credit	18	0.00105870957289052	0.157346626507841	52.75
2	522299	International, Secondary Market, and All Other Nondepository Credit Intermediation	17	0.000520139213491089	-1.18580296432075	13.21
2	522310	Mortgage and Nonmortgage Loan Brokers	14	0.00050273488834764	0.822573837502132	79.07
2	522320	Financial Transactions Processing, Reserve, and Clearinghouse Activities	17	0.00074847776402998	1.37255458870511	92.39
2	522390	Other Activities Related to Credit Intermediation	10	0.000433937897099985	-0.879798681211753	20.4
2	523150	Investment Banking and Securities Intermediation	16	0.00263861959861014	1.25961832838488	90.06
2	523160	Commodity Contracts Intermediation	8	0.000160155357178628	-1.31102253719938	10.25
2	523210	Securities and Commodity Exchanges	7	5.35897183553402e-05	-1.03975073035941	17.44
2	523910	Miscellaneous Intermediation	12	0.000264609990183594	-0.756159957734568	24
2	523940	Portfolio Management and Investment Advice	10	0.00338224434382952	1.93028600633922	97.89
2	523991	Trust, Fiduciary, and Custody Activities	19	0.000145820021472142	0.552760475637881	69.34
2	523999	Miscellaneous Financial Investment Activities	14	0.000229067077003366	0.221272888242343	55.18
2	524113	Direct Life Insurance Carriers	18	0.0013343277700452	1.3998010617771	93.23
2	524114	Direct Health and Medical Insurance Carriers	22	0.00283333120320609	1.67186890607865	96.3
2	524126	Direct Property and Casualty Insurance Carriers	17	0.00286626404125768	-0.240641182147133	39.64
2	524127	Direct Title Insurance Carriers	18	0.000364205867949106	-0.508010545350651	30.66
2	524128	Other Direct Insurance (except Life, Health, and Medical) Carriers	19	0.00012899507564296	0.758791931871444	77.17
2	524130	Reinsurance Carriers	9	0.00019789532260999	1.40221901255803	93.34
2	524210	Insurance Agencies and Brokerages	19	0.00792449785768475	-1.64374747323826	5.39
2	524291	Claims Adjusting	17	0.000437752622287986	-0.977238970077748	18.5
2	524292	Pharmacy Benefit Management and Other Third Party Administration of Insurance and Pension Funds	17	0.00136323363504119	1.30078378345723	91.01
2	524298	All Other Insurance Related Activities	20	0.00064444762676022	0.372061801391005	61.21
2	525110	Pension Funds	19	2.93819885908855e-05	1.55919943200324	95.56
2	525120	Health and Welfare Funds	15	3.03973364980676e-05	1.96348340014089	98.1
2	525190	Other Insurance Funds	12	1.43582814219028e-05	1.46346362527019	94.5
2	525910	Open-End Investment Funds	9	2.26761032604003e-05	1.57673133907893	95.67
2	525920	Trusts, Estates, and Agency Accounts	23	2.5360751964136e-05	0.172088034546174	53.49
2	525990	Other Financial Vehicles	13	6.75521861863076e-05	1.13630991892002	86.89
2	531110	Lessors of Residential Buildings and Dwellings	11	0.00304248713565674	-0.530846590227248	29.92
2	531120	Lessors of Nonresidential Buildings (except Miniwarehouses)	12	0.00140633142502232	-0.182457456779157	41.86
2	531130	Lessors of Miniwarehouses and Self-Storage Units	23	0.000640833676582115	-0.51437830058773	30.55
2	531190	Lessors of Other Real Estate Property	22	0.000386440266187738	-1.2210606069806	12.37
2	531210	Offices of Real Estate Agents and Brokers	16	0.00319641273109978	-0.354025960352291	35.41
2	531311	Residential Property Managers	13	0.00330775107872971	0.693903897326687	74.95
2	531312	Nonresidential Property Managers	18	0.00106095251657249	1.03049146765264	84.25
2	531320	Offices of Real Estate Appraisers	26	0.000180944175346017	-0.546935226485042	29.28
2	531390	Other Activities Related to Real Estate	17	0.000736402581292023	-0.0365027216286294	46.83
2	532111	Passenger Car Rental	18	0.000636800967097657	1.1925005579935	88.79
2	532112	Passenger Car Leasing	10	6.87453633879679e-05	1.69185200644135	96.51
2	532120	Truck, Utility Trailer, and RV (Recreational Vehicle) Rental and Leasing	18	0.000548884458479166	0.643504599089224	73.26
2	532210	Consumer Electronics and Appliances Rental	17	5.42436712447117e-05	-0.39114468219531	34.46
2	532281	Formal Wear and Costume Rental	12	3.06497393676496e-05	0.910414976498913	81.5
2	532282	Video Tape and Disc Rental	15	1.64348686671001e-05	0.390341565312589	62.16
2	532283	Home Health Equipment Rental	27	0.000190340445809092	-0.275584281319786	37.95
2	532284	Recreational Goods Rental	16	0.000122008105298622	-0.898122242985523	19.98
2	532289	All Other Consumer Goods Rental	19	0.000369993924662929	-0.479355671491773	31.61
2	532310	General Rental Centers	19	0.000183628824049753	-0.588788271205052	28.12
2	532411	Commercial Air, Rail, and Water Transportation Equipment Rental and Leasing	15	3.08562508063985e-05	0.578392229776799	70.82
2	532412	Construction, Mining, and Forestry Machinery and Equipment Rental and Leasing	15	0.000569524129496348	-0.569011101464989	28.44
2	532420	Office Machinery and Equipment Rental and Leasing	17	6.34162209824754e-05	1.40404796102101	93.45
2	532490	Other Commercial and Industrial Machinery and Equipment Rental and Leasing	15	0.000489466528408023	-0.352992131959233	35.52
2	533110	Lessors of Nonfinancial Intangible Assets (except Copyrighted Works)	15	0.000128742672773378	0.632207519569206	72.83
2	541110	Offices of Lawyers	12	0.00738099416947077	1.17617559101535	88.05
2	541191	Title Abstract and Settlement Offices	29	0.000372500744072187	-1.28434757130578	11.1
2	541199	All Other Legal Services	19	0.000263112782252664	0.641748388845406	73.15
2	541211	Offices of Certified Public Accountants	12	0.00318940855146888	-0.718858360263132	25.48
2	541213	Tax Preparation Services	15	0.00083431194897442	-1.23629845647351	11.63
2	541214	Payroll Services	13	0.0013412688489587	-0.0459462362822639	46.51
2	541219	Other Accounting Services	26	0.00232420593311494	-1.29037632510816	10.99
2	541310	Architectural Services	14	0.00128539029549056	1.44427891484128	93.97
2	541320	Landscape Architectural Services	17	0.000300393833375695	-1.02566674717115	17.86
2	541330	Engineering Services	20	0.00693311675025523	0.905000267957319	81.29
2	541340	Drafting Services	21	9.98654899216567e-05	-0.844296623921877	21.78
2	541350	Building Inspection Services	17	0.000211513604709709	-0.784386152228033	22.94
2	541360	Geophysical Surveying and Mapping Services	13	8.75321678852639e-05	-1.29316930145499	10.89
2	541370	Surveying and Mapping (except Geophysical) Services	22	0.000344977358430041	-1.1280843697532	15.12
2	541380	Testing Laboratories and Services	11	0.00102577099841007	-0.13231359356896	42.81
2	541410	Interior Design Services	14	0.000657824978848066	0.131477081673464	52.11
2	541420	Industrial Design Services	11	0.000150305908836076	0.602862445390416	71.46
2	541430	Graphic Design Services	18	0.000731452043190904	-0.242736341534723	39.32
2	541490	Other Specialized Design Services	13	0.000179418285270817	0.861267247164127	79.81
2	541511	Custom Computer Programming Services	14	0.00665175065138871	1.68272007589348	96.41
2	541512	Computer Systems Design Services	15	0.0069199000181753	1.34343425798766	91.97
2	541513	Computer Facilities Management Services	17	0.000492237223544571	0.692846595160891	74.84
2	541519	Other Computer Related Services	19	0.000853311001339318	0.574208642972112	70.51
2	541611	Administrative Management and General Management Consulting Services	14	0.00576213952826041	0.604861950204615	71.67
2	541612	Human Resources Consulting Services	16	0.000620916795600554	0.472422465622097	65.96
2	541613	Marketing Consulting Services	15	0.00229472068880468	1.11102631954756	86.68
2	541614	Process, Physical Distribution, and Logistics Consulting Services	14	0.00102655688916309	0.464107126988675	65.43
2	541618	Other Management Consulting Services	11	0.0008567528586518	0.0769447828755477	50.21
2	541620	Environmental Consulting Services	20	0.000693614558469022	-0.0164464584497349	47.57
2	541690	Other Scientific and Technical Consulting Services	15	0.00153392107559601	-1.230201769818	11.95
2	541713	Research and Development in Nanotechnology	15	0.000140221266910505	1.46500246816851	94.61
2	541714	Research and Development in Biotechnology (except Nanobiotechnology)	10	0.00166776917004957	1.71823278193556	96.62
2	541715	Research and Development in the Physical, Engineering, and Life Sciences (except Nanotechnology and Biotechnology)	14	0.00319809350475404	0.955148506568516	82.45
2	541720	Research and Development in the Social Sciences and Humanities	6	0.000404309242068372	0.673071808288627	74.31
2	541810	Advertising Agencies	11	0.00138276043886067	1.66070310445891	96.09
2	541820	Public Relations Agencies	8	0.00046827042379199	1.02407181963485	84.04
2	541830	Media Buying Agencies	5	0.000112365168394819	1.44472135122638	94.08
2	541840	Media Representatives	11	0.000119931518053425	0.808289490838691	78.65
2	541850	Indoor and Outdoor Display Advertising	25	0.000201142141341431	0.53834720012677	68.71
2	541860	Direct Mail Advertising	16	0.000209322288887429	1.63565011863901	95.88
2	541870	Advertising Material Distribution Services	11	0.000109760829695042	0.745922625434131	76.64
2	541890	Other Services Related to Advertising	19	0.000612432617325286	0.381872852109033	61.95
2	541910	Marketing Research and Public Opinion Polling	13	0.000436186577210806	1.1937344244408	88.9
2	541921	Photography Studios, Portrait	21	0.000333487291435207	-0.706934666552992	25.9
2	541922	Commercial Photography	16	0.000114149197768456	0.0743673370827686	50.11
2	541930	Translation and Interpretation Services	17	0.000268137893928887	0.696603334336506	75.37
2	541940	Veterinary Services	27	0.00279451278915015	-1.33224816777088	9.73
2	541990	All Other Professional, Scientific, and Technical Services	17	0.00201560327004897	-0.43632941052577	33.51
2	551111	Offices of Bank Holding Companies	18	4.88915831238026e-05	-0.125144794950441	43.23
2	551112	Offices of Other Holding Companies	19	0.000510192245858017	-0.133494704435798	42.71
2	551114	Corporate, Subsidiary, and Regional Managing Offices	19	0.0144347537549573	0.710685466672473	75.69
2	561110	Office Administrative Services	21	0.0037421134715649	-0.272706307108095	38.16
2	561210	Facilities Support Services	21	0.00103273502303899	-0.440953297581825	32.88
2	561311	Employment Placement Agencies	15	0.00146090780914057	0.182478318286555	54.02
2	561312	Executive Search Services	14	0.000250813878789396	0.0541200946575155	49.58
2	561320	Temporary Help Services	15	0.0150462914893814	0.349394778429022	60.36
2	561330	Professional Employer Organizations	18	0.00244535931051429	-0.365094983397196	35.1
2	561410	Document Preparation Services	14	0.000371841054753961	-1.16720674577737	13.95
2	561421	Telephone Answering Services	18	0.000217754839303009	0.206438167249153	54.76
2	561422	Telemarketing Bureaus and Other Contact Centers	23	0.00188116432342344	0.315423218308403	59.41
2	561431	Private Mail Centers	17	0.000221351580194553	0.30737335420287	58.99
2	561439	Other Business Service Centers (including Copy Shops)	13	0.000254513875400314	0.823477222298767	79.39
2	561440	Collection Agencies	22	0.00052026541492588	0.573622157908401	70.4
2	561450	Credit Bureaus	10	0.000129075385646918	0.230612638909551	55.71
2	561491	Repossession Services	18	5.69799478081346e-05	0.21808177272395	54.97
2	561492	Court Reporting and Stenotype Services	15	0.000130773368587742	-1.18472426171218	13.42
2	561499	All Other Business Support Services	16	0.000594804571456526	0.260565585678787	57.19
2	561510	Travel Agencies	17	0.000588941941167599	0.290573976520388	58.56
2	561520	Tour Operators	20	0.00016176729368664	0.448793945956021	64.38
2	561591	Convention and Visitors Bureaus	28	6.08749830000931e-05	0.016841367319527	48.63
2	561599	All Other Travel Arrangement and Reservation Services	13	0.000463589497847015	1.07724758623688	86.05
2	561611	Investigation and Personal Background Check Services	11	0.000276329514332594	0.2864778756547	58.46
2	561612	Security Guards and Patrol Services	12	0.00472917504806726	1.15724001426122	87.74
2	561613	Armored Car Services	19	0.000151912108915234	2.21670730458278	99.37
2	561621	Security Systems Services (except Locksmiths)	17	0.000862850682523747	0.75786826282595	77.06
2	561622	Locksmiths	19	0.000137857858222601	0.219707716759196	55.07
2	561710	Exterminating and Pest Control Services	16	0.000907439944006947	-0.588466822764266	28.22
2	561720	Janitorial Services	20	0.00822712889831356	-0.398899187653797	34.14
2	561730	Landscaping Services	23	0.00737144875185749	-1.2020043505739	12.58
2	561740	Carpet and Upholstery Cleaning Services	23	0.000268826265391384	-0.348581131388102	35.62
2	561790	Other Services to Buildings and Dwellings	12	0.000931521472336611	-0.716026131866302	25.58
2	561910	Packaging and Labeling Services	14	0.000372919503378539	0.555748556321536	69.56
2	561920	Convention and Trade Show Organizers	20	0.000343721080510985	1.36475887900535	92.18
2	561990	All Other Support Services	19	0.00125523388900437	-0.419431256194784	33.72
2	562111	Solid Waste Collection	28	0.00112619292193058	-1.09707974432888	15.86
2	562112	Hazardous Waste Collection	12	7.7849075979482e-05	0.584968547096951	70.93
2	562119	Other Waste Collection	22	0.000110414782584413	-0.342875593095807	35.94
2	562211	Hazardous Waste Treatment and Disposal	13	0.000254037751805421	-0.065614768762588	45.98
2	562212	Solid Waste Landfill	19	0.000231212501394813	-0.699074493015198	26
2	562213	Solid Waste Combustors and Incinerators	12	2.7213618484022e-05	1.77085140337692	97.25
2	562219	Other Nonhazardous Waste Treatment and Disposal	18	0.000123826553245383	-0.0766488124699082	45.56
2	562910	Remediation Services	21	0.00059524054004944	-0.0219042066112164	47.25
2	562920	Materials Recovery Facilities	16	0.000154476292613033	-0.0565194014045219	46.3
2	562991	Septic Tank and Related Services	26	0.000224437778918078	-1.0547485135949	17.02
2	562998	All Other Miscellaneous Waste Management Services	16	0.000147695833707444	0.011209004678761	48.41
2	611110	Elementary and Secondary Schools	18	0.00751020722941018	-0.731879339547441	24.95
2	611210	Junior Colleges	19	0.000184816264822559	-1.58191051451724	6.13
2	611310	Colleges, Universities, and Professional Schools	16	0.0110694261398187	-0.241512479762626	39.43
2	611410	Business and Secretarial Schools	17	2.08576553136391e-05	1.46257237547363	94.4
2	611420	Computer Training	13	0.00011624873072907	1.18568873869513	88.48
2	611430	Professional and Management Development Training	17	0.000332448997812608	0.468545650677193	65.54
2	611511	Cosmetology and Barber Schools	23	0.000110277108291914	1.08839694433403	86.36
2	611512	Flight Training	18	0.000161107604368415	0.869153238537699	80.02
2	611513	Apprenticeship Training	18	9.6549834043966e-05	1.1738977612098	87.95
2	611519	Other Technical and Trade Schools	22	0.000374961672050611	0.313980454497978	59.2
2	611610	Fine Arts Schools	18	0.00100360543731769	0.176834895834543	53.81
2	611620	Sports and Recreation Instruction	19	0.00141939900995204	0.536358528389464	68.5
2	611630	Language Schools	15	0.000121818803146436	2.03151425532141	98.52
2	611691	Exam Preparation and Tutoring	13	0.000768440536442374	1.03999629267999	84.67
2	611692	Automobile Driving Schools	19	0.000151218001023884	0.453002449384908	64.59
2	611699	All Other Miscellaneous Schools and Instruction	22	0.00063269942046695	0.267386501440545	57.72
2	611710	Educational Support Services	21	0.00141557281190633	0.183148742484294	54.12
2	621111	Offices of Physicians (except Mental Health Specialists)	23	0.0168147177765345	0.0381882170083048	49.26
2	621112	Offices of Physicians, Mental Health Specialists	21	0.000565147234280642	0.201966273091186	54.55
2	621210	Offices of Dentists	21	0.00629924136187318	-0.222466311199532	39.96
2	621310	Offices of Chiropractors	26	0.000963697101779461	-1.12143490817223	15.43
2	621320	Offices of Optometrists	30	0.000938296194813346	-1.29417534847674	10.68
2	621330	Offices of Mental Health Practitioners (except Physicians)	21	0.00173614166556202	0.370958699768361	60.99
2	621340	Offices of Physical, Occupational and Speech Therapists, and Audiologists	23	0.00295802395720844	-0.585447588569116	28.33
2	621391	Offices of Podiatrists	15	0.000193994550989177	0.486577370420806	66.38
2	621399	Offices of All Other Miscellaneous Health Practitioners	22	0.00120716261520671	-0.452560408261136	32.45
2	621410	Family Planning Centers	16	0.00021004507892305	0.204637709265888	54.65
2	621420	Outpatient Mental Health and Substance Abuse Centers	26	0.00194949666393391	-0.783311470367661	23.04
2	621491	HMO Medical Centers	8	0.00129265835084875	1.49804977491733	95.14
2	621492	Kidney Dialysis Centers	22	0.000813058480069845	-0.737565920079378	24.74
2	621493	Freestanding Ambulatory Surgical and Emergency Centers	22	0.00110952285968046	0.241282872769188	56.55
2	621498	All Other Outpatient Care Centers	22	0.0016112194544055	-0.662259255159801	26.96
2	621511	Medical Laboratories	16	0.00135157147518073	0.422715291434793	63
2	621512	Diagnostic Imaging Centers	13	0.000518165881965267	0.55860469229071	69.66
2	621610	Home Health Care Services	9	0.0104720172296624	-0.851855706060801	21.56
2	621910	Ambulance Services	25	0.00106706181330214	-1.18527416342562	13.32
2	621991	Blood and Organ Banks	27	0.000526363238797827	1.38495619315803	92.92
2	621999	All Other Miscellaneous Ambulatory Health Care Services	21	0.000715189267389428	-0.961245069206299	18.82
2	622110	General Medical and Surgical Hospitals	31	0.0293640220957143	-0.782870256358233	23.15
2	622210	Psychiatric and Substance Abuse Hospitals	26	0.00076710394851936	0.823151544248367	79.28
2	622310	Specialty (except Psychiatric and Substance Abuse) Hospitals	17	0.00158822211112927	1.07537679596094	85.94
2	623110	Nursing Care Facilities (Skilled Nursing Facilities)	24	0.00875019369052026	-1.7473608447113	4.76
2	623210	Residential Intellectual and Developmental Disability Facilities	19	0.00237779565147028	-0.809807951456532	22.41
2	623220	Residential Mental Health and Substance Abuse Facilities	21	0.00153082340401478	-0.278090108939407	37.84
2	623311	Continuing Care Retirement Communities	21	0.00282068237758272	-0.345840814987961	35.73
2	623312	Assisted Living Facilities for the Elderly	20	0.00292028972820594	-0.725692323087946	25.37
2	623990	Other Residential Care Facilities	23	0.000964133070372375	-0.410616104103825	33.93
2	624110	Child and Youth Services	21	0.00148372158669347	-0.209888390859433	40.49
2	624120	Services for the Elderly and Persons with Disabilities	14	0.0146439039509791	-1.22366019095616	12.05
2	624190	Other Individual and Family Services	25	0.00339551844019799	-0.659763766509824	27.17
2	624210	Community Food Services	26	0.000299785771917157	-0.555085523004863	28.86
2	624221	Temporary Shelters	19	0.000555188793789861	0.176508716336007	53.7
2	624229	Other Community Housing Services	13	0.000291003299341474	0.376176243159762	61.52
2	624230	Emergency and Other Relief Services	22	0.000219607705822895	0.812634210554606	78.96
2	624310	Vocational Rehabilitation Services	29	0.00168342962082136	-0.762966776068941	23.57
2	624410	Child Care Services	26	0.00717658226368248	-1.50930471669448	7.29
2	711110	Theater Companies and Dinner Theaters	20	0.000486781879704288	0.448642622037383	64.27
2	711120	Dance Companies	16	0.00010648532881933	1.06528117101349	85.52
2	711130	Musical Groups and Artists	8	0.000362221063565575	0.0239175988899243	48.84
2	711190	Other Performing Arts Companies	13	6.70244347317271e-05	0.752079933286166	76.85
2	711211	Sports Teams and Clubs	18	0.000702213465321372	2.13612399115471	98.84
2	711212	Racetracks	15	0.000151281101741279	-0.0901198877478322	44.5
2	711219	Other Spectator Sports	13	0.000189646337917742	-0.747634228013134	24.31
2	711310	Promoters of Performing Arts, Sports, and Similar Events with Facilities	21	0.000838602797757313	0.678236219550435	74.52
2	711320	Promoters of Performing Arts, Sports, and Similar Events without Facilities	18	0.000295598178853637	-0.0428906260326031	46.62
2	711410	Agents and Managers for Artists, Athletes, Entertainers, and Other Public Figures	4	0.000212850192632723	-0.373166814319936	34.88
2	711510	Independent Artists, Writers, and Performers	17	0.00210092117639654	-0.533499824102446	29.6
2	712110	Museums	21	0.000609271845026657	-0.326258737760764	36.36
2	712120	Historical Sites	18	9.02512351621244e-05	0.237466373376808	56.34
2	712130	Zoos and Botanical Gardens	18	0.000283901600420053	0.954902435619616	82.35
2	712190	Nature Parks and Other Similar Institutions	23	8.50310849048605e-05	0.0880421245694427	50.42
2	713110	Amusement and Theme Parks	5	0.00121516493345823	0.184447987222017	54.23
2	713120	Amusement Arcades	19	0.00021516197346094	0.250462622090714	56.98
2	713210	Casinos (except Casino Hotels)	18	0.000378030661487574	0.314227666921557	59.3
2	713290	Other Gambling Industries	18	0.000413458846090719	-1.13975948967929	14.9
2	713910	Golf Courses and Country Clubs	23	0.00257585733051704	-1.15904756670817	14.59
2	713920	Skiing Facilities	18	0.00025410658895167	-0.132209391243213	42.92
2	713930	Marinas	16	0.000280505634538405	-0.528992925318614	30.02
2	713940	Fitness and Recreational Sports Centers	23	0.00414008969617831	0.498228999985468	66.91
2	713950	Bowling Centers	24	0.000406162108588258	-0.459203651161804	32.03
2	713990	All Other Amusement and Recreation Industries	24	0.00167055133804383	-0.461521091289618	31.92
2	721110	Hotels (except Casino Hotels) and Motels	20	0.00900744957891285	-1.12247714923987	15.33
2	721120	Casino Hotels	9	0.00147204221754645	0.234576010790401	56.13
2	721191	Bed-and-Breakfast Inns	26	9.07503044724343e-05	-0.727913124253688	25.26
2	721199	All Other Traveler Accommodation	26	0.000115594777839698	-0.964660929265456	18.6
2	721211	RV (Recreational Vehicle) Parks and Campgrounds	23	0.00022661762188265	-1.4939637291583	7.82
2	721214	Recreational and Vacation Camps (except Campgrounds)	22	0.000235199319448437	-1.40446433138127	9.09
2	721310	Rooming and Boarding Houses, Dormitories, and Workers' Camps	23	8.73371293042233e-05	-1.0611041280109	16.6
2	722310	Food Service Contractors	24	0.00373014728097517	-0.44710759260092	32.66
2	722320	Caterers	16	0.00134210636757141	-0.0332834039364023	46.93
2	722330	Mobile Food Services	23	0.000505281862758877	-1.1617415617727	14.06
2	722410	Drinking Places (Alcoholic Beverages)	26	0.00246819029735376	-1.23498768877893	11.73
2	722511	Full-Service Restaurants	19	0.0310449678428419	-0.118212154184621	43.55
2	722513	Limited-Service Restaurants	24	0.0268422420800052	-1.05629794619252	16.91
2	722514	Cafeterias, Grill Buffets, and Buffets	20	0.000480070257944948	-0.870377170365113	20.51
2	722515	Snack and Nonalcoholic Beverage Bars	22	0.00552035478848743	-0.20156155175533	41.12
2	811111	General Automotive Repair	27	0.00299865508278229	-1.76866889791348	4.44
2	811114	Specialized Automotive Repair	27	0.000353645102428641	-1.15977907525858	14.38
2	811121	Automotive Body, Paint, and Interior Repair and Maintenance	25	0.00171384416660599	-1.42142115042576	8.88
2	811122	Automotive Glass Replacement Shops	29	0.000272807347016154	-0.859191682083074	20.93
2	811191	Automotive Oil Change and Lubrication Shops	22	0.000521148824969417	-1.03343675474646	17.55
2	811192	Car Washes	19	0.00130446965785942	-0.730727866942429	25.05
2	811198	All Other Automotive Repair and Maintenance	16	0.000260732164278197	-1.18660700947173	13.11
2	811210	Electronic and Precision Equipment Repair and Maintenance	17	0.000693453938461106	-0.171589754220068	42.07
2	811310	Commercial and Industrial Machinery and Equipment (except Automotive and Electronic) Repair and Maintenance	26	0.00166806172792113	-1.95740160817246	2.85
2	811411	Home and Garden Equipment Repair and Maintenance	24	5.80125050018791e-05	-1.26006738403086	11.42
2	811412	Appliance Repair and Maintenance	24	0.000200958575618099	-1.19217574366483	12.9
2	811420	Reupholstery and Furniture Repair	18	0.000119541440891344	-0.940328380379601	18.92
2	811430	Footwear and Leather Goods Repair	13	1.75419994359484e-05	-0.320044653079665	36.47
2	811490	Other Personal and Household Goods Repair and Maintenance	23	0.000491806991380511	-1.44207702640443	8.56
2	812111	Barber Shops	22	0.000563150957039403	-0.758276184635106	23.89
2	812112	Beauty Salons	22	0.00452098857209295	-1.15520733873197	14.69
2	812113	Nail Salons	14	0.00154511284829043	0.543648548497142	69.03
2	812191	Diet and Weight Reducing Centers	24	0.000117155086488023	-0.338300458526288	36.05
2	812199	Other Personal Care Services	17	0.00154664447479449	0.130653164241963	52.01
2	812210	Funeral Homes and Funeral Services	31	0.000651055992800185	-1.64365624891382	5.5
2	812220	Cemeteries and Crematories	16	0.000195027108182922	-0.527751153441385	30.13
2	812310	Coin-Operated Laundries and Drycleaners	17	0.000259498832074558	-0.758800363786582	23.78
2	812320	Drycleaning and Laundry Services (except Coin-Operated)	19	0.000577629703467242	-0.207117555699878	40.91
2	812331	Linen Supply	26	0.000387748171966481	1.03589355324508	84.57
2	812332	Industrial Launderers	25	0.000394752351597381	1.01195216653025	83.72
2	812910	Pet Care (except Veterinary) Services	27	0.00131176065893303	-0.247233310603107	38.9
2	812921	Photofinishing Laboratories (except One-Hour)	16	3.44644645556501e-05	1.29759863324267	90.91
2	812922	One-Hour Photofinishing	22	3.84340733227124e-06	2.07553872098056	98.63
2	812990	All Other Personal Services	17	0.00130220376846204	-0.99830644016482	18.29
2	813110	Religious Organizations	28	0.0089813029361957	-1.57428717101886	6.24
2	813211	Grantmaking Foundations	16	0.000461937406337024	0.426132871187415	63.21
2	813212	Voluntary Health Organizations	15	0.000233151414347511	1.49716652714563	95.03
2	813219	Other Grantmaking and Giving Services	21	0.000264977121630258	0.67634746613214	74.42
2	813311	Human Rights Organizations	19	0.000338288682386119	0.605951828959017	71.88
2	813312	Environment, Conservation and Wildlife Organizations	24	0.000472641582578842	-0.457757317790103	32.35
2	813319	Other Social Advocacy Organizations	21	0.000750410940553824	-0.826941227325125	22.3
2	813410	Civic and Social Organizations	25	0.00209221901382482	-0.708216814466662	25.79
2	813910	Business Associations	15	0.000687430688164263	-1.54314493563797	6.55
2	813920	Professional Organizations	10	0.000519152547728178	1.28118464442745	90.7
2	813930	Labor Unions and Similar Labor Organizations	24	0.000615908893210893	0.00351127348445349	48.2
2	813940	Political Organizations	17	8.93563522608792e-05	0.978171730668746	82.98
2	813990	Other Similar Organizations (except Business, Professional, Labor, and Political Organizations)	13	0.000628070122381662	-0.313588474895937	36.68
2	814110	Private Households	12	0.00875143849558161	-1.22291421330109	12.26
2	901149	US Postal Service	29	0.00347454922052143	-2.07048238420858	2.22
2	901199	Federal Government, Civilian, Excluding Postal Service	21	0.0144898521541013	-0.803967604731125	22.62
2	901200	Federal Government, Military	26	0.0106265853051371	-1.83722197397237	3.81
2	902611	Elementary and Secondary Schools (State Government)	8	0.000365508037298995	0.0302456425246374	48.94
2	902612	Colleges, Universities, and Professional Schools (State Government)	32	0.0154090001493996	-0.111887456493882	43.87
2	902619	All Other Schools and Educational Support Services (State Government)	14	8.73486021619315e-05	-0.935799604095025	19.13
2	902622	Hospitals (State Government)	19	0.00255276246795029	0.441685975623077	63.85
2	902999	State Government, Excluding Education and Hospitals	33	0.0133722007747345	-1.72034124528676	5.07
2	903611	Elementary and Secondary Schools (Local Government)	29	0.0424926885198754	-1.88373237871495	3.49
2	903612	Colleges, Universities, and Professional Schools (Local Government)	17	0.0036546616136836	-0.0849711020508221	44.93
2	903619	All Other Schools and Educational Support Services (Local Government)	11	0.000350099989396785	-0.626873315979566	27.7
2	903622	Hospitals (Local Government)	19	0.00400531803667923	-2.12542281186672	2.01
2	903999	Local Government, Excluding Education and Hospitals	24	0.0342223413665748	-2.01779933072114	2.43
2	999999	Unclassified Industry	12	0.00133794745665216	-0.695817354797022	26.32
