geo_aggregation_level,industry_code,industry_description,industry_ubiquity,industry_employment_share_nation,industry_complexity,industry_complexity_percentile
5,111000,Crop Production,332,0.00507595938158635,-1.83483881511358,2.11
5,112000,Animal Production,363,0.00265160687353591,-1.89323999206622,1.69
5,113110,Timber Tract Operations,176,2.52976512467405e-05,-0.920634983257818,16.28
5,113210,Forest Nurseries and Gathering of Forest Products,158,1.70371936967844e-05,-1.07052543846386,12.58
5,113310,Logging,265,0.000357000913308311,-1.20316784274557,9.62
5,114111,Finfish Fishing,126,6.95656727141094e-05,-0.0726167094898769,49.58
5,114112,Shellfish Fishing,89,6.79996276369302e-05,-0.15870303423974,46.09
5,114119,Other Marine Fishing,71,9.52247189786605e-06,0.461722293276121,72.09
5,114210,Hunting and Trapping,243,3.84857011823996e-05,-1.55388334499043,4.86
5,115111,Cotton Ginning,93,3.50151617256472e-05,-1.76069252583878,2.54
5,115112,"Soil Preparation, Planting, and Cultivating",304,0.000198233771912384,-2.0002970583982,1.27
5,115113,"Crop Harvesting, Primarily by Machine",157,6.93591612753605e-05,-2.13504080464747,0.63
5,115114,Postharvest Crop Activities (except Cotton Ginning),129,0.000493057532870713,-1.71383102423712,3.28
5,115115,Farm Labor Contractors and Crew Leaders,296,0.00196368858891904,-2.19025209476914,0.53
5,115116,Farm Management Services,126,0.000132534452245962,-1.81152727927557,2.33
5,115210,Support Activities for Animal Production,313,0.000251450622392205,-1.66132712326735,3.91
5,115310,Support Activities for Forestry,214,0.000144282658539233,-1.11278171006631,11.31
5,211120,Crude Petroleum Extraction,107,0.000485347772490754,-2.34271177659927,0.21
5,211130,Natural Gas Extraction,107,0.000218982435077794,-1.85042270807617,1.9
5,212114,Surface Coal Mining,53,0.000105544554487251,-1.6256630567192,4.12
5,212115,Underground Coal Mining,35,0.000133067940129397,-1.69961942708503,3.49
5,212210,Iron Ore Mining,8,3.04661736443172e-05,-0.755107210517366,22.3
5,212220,Gold Ore and Silver Ore Mining,23,9.45191382296018e-05,0.119767924557338,60.78
5,212230,"Copper, Nickel, Lead, and Zinc Mining",23,0.000115497258549178,-0.119780504507368,47.89
5,212290,Other Metal Ore Mining,41,2.75291220709995e-05,-0.595062816738603,29.07
5,212311,Dimension Stone Mining and Quarrying,124,4.49334472144487e-05,-1.00013427895071,14.16
5,212312,Crushed and Broken Limestone Mining and Quarrying,177,0.000138311036102077,-1.12059422823328,11.21
5,212313,Crushed and Broken Granite Mining and Quarrying,61,3.6816400385846e-05,0.391747230414516,69.66
5,212319,Other Crushed and Broken Stone Mining and Quarrying,137,4.77328244952671e-05,-0.639828767540951,26.74
5,212321,Construction Sand and Gravel Mining,269,0.000193145559518765,-1.32055632365134,7.82
5,212322,Industrial Sand Mining,66,5.17540611220166e-05,-0.902358913346252,17.02
5,212323,"Kaolin, Clay, and Ceramic and Refractory Minerals Mining",49,3.63460132198068e-05,-0.815697488673441,19.98
5,212390,Other Nonmetallic Mineral Mining and Quarrying,93,7.25314064316978e-05,-1.10725213373937,11.52
5,213111,Drilling Oil and Gas Wells,107,0.000258512166311647,-2.01877879918829,1.16
5,213112,Support Activities for Oil and Gas Operations,132,0.00129184377795147,-2.2718598287507,0.32
5,213113,Support Activities for Coal Mining,67,2.88198185631801e-05,-1.51386822514974,5.39
5,213114,Support Activities for Metal Mining,52,2.85215242627651e-05,-0.545217164486402,30.87
5,213115,Support Activities for Nonmetallic Minerals (except Fuels) Mining,96,1.93030830941682e-05,-0.895996383738408,17.34
5,221111,Hydroelectric Power Generation,120,4.76639873490175e-05,-0.676575906817074,25.26
5,221112,Fossil Fuel Electric Power Generation,163,0.000427375422490853,-1.1394488349744,10.68
5,221113,Nuclear Electric Power Generation,48,0.0002133033705122,1.02514196992327,84.14
5,221114,Solar Electric Power Generation,63,9.6171229739593e-05,0.877962883695382,81.4
5,221115,Wind Electric Power Generation,117,6.69670704431857e-05,-1.70569076918918,3.38
5,221116,Geothermal Electric Power Generation,16,6.20681602017534e-06,0.169465383740207,62.05
5,221117,Biomass Electric Power Generation,61,1.40944056946126e-05,0.415157041668321,70.51
5,221118,Other Electric Power Generation,54,2.84240049722448e-05,0.174622681667983,62.37
5,221121,Electric Bulk Power Transmission and Control,106,0.000166494111062448,-0.584045087795727,29.28
5,221122,Electric Power Distribution,370,0.00132264266446932,-1.64911877120312,4.02
5,221210,Natural Gas Distribution,188,0.000679021083464099,-1.40033782469987,6.98
5,221310,Water Supply and Irrigation Systems,274,0.000320253350068714,-1.30195500091124,8.14
5,221320,Sewage Treatment Facilities,144,4.45605793389298e-05,-0.559614085996781,30.66
5,221330,Steam and Air-Conditioning Supply,46,8.8799918662028e-06,1.25427587836613,88.58
5,236115,New Single-Family Housing Construction (except For-Sale Builders),292,0.00313584751525781,-0.694144219732404,24.63
5,236116,New Multifamily Housing Construction (except For-Sale Builders),100,0.000314522657643432,0.788624437296742,79.7
5,236117,New Housing For-Sale Builders,203,0.000564883358553352,-0.129178777023229,47.46
5,236118,Residential Remodelers,228,0.00453924762513566,-0.213486576038705,43.76
5,236210,Industrial Building Construction,151,0.000985214446411326,-1.34048153204202,7.61
5,236220,Commercial and Institutional Building Construction,205,0.00471610746313754,-0.598705600607241,28.75
5,237110,Water and Sewer Line and Related Structures Construction,275,0.00127632100147217,-1.23881368184043,9.2
5,237120,Oil and Gas Pipeline and Related Structures Construction,130,0.000851027902655372,-1.77297458426739,2.43
5,237130,Power and Communication Line and Related Structures Construction,219,0.00142827326538939,-1.16151246362493,10.04
5,237210,Land Subdivision,135,0.000245111868508385,0.0345839534008004,56.98
5,237310,"Highway, Street, and Bridge Construction",281,0.00222850509054138,-0.908071474611178,16.6
5,237990,Other Heavy and Civil Engineering Construction,200,0.000857567431549088,-1.07101215844948,12.47
5,238110,Poured Concrete Foundation and Structure Contractors,262,0.00171979857975659,-1.05612394171141,12.79
5,238120,Structural Steel and Precast Concrete Contractors,159,0.000544708338273355,-0.60062236256134,28.54
5,238130,Framing Contractors,170,0.00063332469121205,-0.809820486408411,20.08
5,238140,Masonry Contractors,210,0.00104144865846842,-0.195816992834075,44.61
5,238150,Glass and Glazing Contractors,146,0.000497130397357149,-0.00546664991883282,54.12
5,238160,Roofing Contractors,170,0.00170564680977343,-0.0443881464586045,51.69
5,238170,Siding Contractors,263,0.000349664020803871,-0.903350990589556,16.91
5,238190,"Other Foundation, Structure, and Building Exterior Contractors",219,0.000377066941440079,-1.10144352564188,11.73
5,238210,Electrical Contractors and Other Wiring Installation Contractors,184,0.0069573474257351,-0.126541192216366,47.57
5,238220,"Plumbing, Heating, and Air-Conditioning Contractors",194,0.00818295839613671,0.187403789880497,62.9
5,238290,Other Building Equipment Contractors,188,0.00101962154667843,-0.967651302171935,15.12
5,238310,Drywall and Insulation Contractors,139,0.00179557106849087,0.253129455432888,64.8
5,238320,Painting and Wall Covering Contractors,170,0.00191428072719837,0.36698095296122,68.82
5,238330,Flooring Contractors,185,0.000804235852492183,0.144034660417642,61.52
5,238340,Tile and Terrazzo Contractors,123,0.000504811475592838,0.702105883905881,77.8
5,238350,Finish Carpentry Contractors,219,0.00153845285439078,-0.447502333550586,35.1
5,238390,Other Building Finishing Contractors,105,0.000641401583038674,1.15786042829597,86.89
5,238910,Site Preparation Contractors,445,0.00335949366699402,-1.27942217603116,8.67
5,238990,All Other Specialty Trade Contractors,254,0.00334239337257984,-0.744064371449233,22.62
5,311111,Dog and Cat Food Manufacturing,106,0.000222567703111629,-0.926045699100302,16.17
5,311119,Other Animal Food Manufacturing,241,0.000217433599287178,-1.72081031416672,3.17
5,311211,Flour Milling,109,8.62644171084998e-05,-0.873798774092096,17.86
5,311212,Rice Milling,24,3.08677236641068e-05,-1.40435537404043,6.77
5,311213,Malt Manufacturing,48,6.96976105777545e-06,-0.301508082711249,40.38
5,311221,Wet Corn Milling and Starch Manufacturing,36,7.80785331336475e-05,-1.02802563724366,13.11
5,311224,Soybean and Other Oilseed Processing,100,5.8385372877398e-05,-1.82562651570271,2.22
5,311225,Fats and Oils Refining and Blending,59,5.19376268453489e-05,-0.0491002311539667,51.37
5,311230,Breakfast Cereal Manufacturing,42,7.60535737481374e-05,0.237276008031111,64.27
5,311313,Beet Sugar Manufacturing,18,3.93977933702073e-05,-1.58851584307574,4.65
5,311314,Cane Sugar Manufacturing,20,3.83078718879214e-05,1.31770226937249,89.43
5,311340,Nonchocolate Confectionery Manufacturing,75,0.000155571950524173,0.204366968022697,63.32
5,311351,Chocolate and Confectionery Manufacturing from Cacao Beans,39,6.02956036858253e-05,0.952800128554164,83.51
5,311352,Confectionery Manufacturing from Purchased Chocolate,100,0.000187713161393898,0.0771595715281827,58.99
5,311411,"Frozen Fruit, Juice, and Vegetable Manufacturing",47,0.000174289917875219,-0.217996110676067,43.34
5,311412,Frozen Specialty Food Manufacturing,86,0.000373189115534683,-0.403098380415048,36.68
5,311421,Fruit and Vegetable Canning,104,0.000322043115871205,-0.204006214814001,44.08
5,311422,Specialty Canning,35,6.89977662575499e-05,0.248924619128733,64.48
5,311423,Dried and Dehydrated Food Manufacturing,50,7.67706273549044e-05,-0.464891861843301,34.14
5,311511,Fluid Milk Manufacturing,121,0.00032791721901784,-0.140031031685684,46.93
5,311512,Creamery Butter Manufacturing,27,2.20106775133205e-05,0.237038897612944,64.16
5,311513,Cheese Manufacturing,82,0.000360121530604961,-0.884750312842841,17.65
5,311514,"Dry, Condensed, and Evaporated Dairy Product Manufacturing",58,0.000116891210760733,-0.675665343739423,25.37
5,311520,Ice Cream and Frozen Dessert Manufacturing,70,0.000150604203136491,0.334274525078586,67.76
5,311611,Animal (except Poultry) Slaughtering,149,0.000872241216557968,-2.21929017139369,0.42
5,311612,Meat Processed from Carcasses,153,0.000886633916552995,-1.59354457340235,4.55
5,311613,Rendering and Meat Byproduct Processing,77,4.8065537368807e-05,-0.8233473295409,19.87
5,311615,Poultry Processing,104,0.00142513543880618,-1.24856525352158,8.99
5,311710,Seafood Product Preparation and Packaging,71,0.000187128045650776,-0.0581006260555945,50.85
5,311811,Retail Bakeries,154,0.000737544130633996,-0.0679860082535957,50
5,311812,Commercial Bakeries,110,0.000892008950389321,0.373878781364378,68.92
5,311813,"Frozen Cakes, Pies, and Other Pastries Manufacturing",50,8.12737240054013e-05,1.06170582706902,85.1
5,311821,Cookie and Cracker Manufacturing,65,0.000225344134677031,0.514735990941419,73.78
5,311824,"Dry Pasta, Dough, and Flour Mixes Manufacturing from Purchased Flour",74,0.000127767479868175,0.391802658178221,69.77
5,311830,Tortilla Manufacturing,53,0.000125719574767248,0.174363488023882,62.26
5,311911,Roasted Nuts and Peanut Butter Manufacturing,48,9.64408418957374e-05,-0.317353173635741,39.43
5,311919,Other Snack Food Manufacturing,72,0.000285708575509106,0.330281481277017,67.55
5,311920,Coffee and Tea Manufacturing,106,0.000168048683281919,0.471539638385497,72.62
5,311930,Flavoring Syrup and Concentrate Manufacturing,35,5.8006768573025e-05,1.71399797604245,94.71
5,311941,"Mayonnaise, Dressing, and Other Prepared Sauce Manufacturing",73,0.000123212755357991,0.443596877997731,71.67
5,311942,Spice and Extract Manufacturing,81,0.000168823101177228,0.0201211965791178,55.81
5,311991,Perishable Prepared Food Manufacturing,77,0.000403477459884522,0.326620815593128,67.23
5,311999,All Other Miscellaneous Food Manufacturing,117,0.000252672481738136,-0.690116369172816,24.74
5,312111,Soft Drink Manufacturing,128,0.000473519256193525,0.085375083696422,59.09
5,312112,Bottled Water Manufacturing,119,0.000126746395532139,-0.216572960492056,43.55
5,312113,Ice Manufacturing,138,4.60061594101721e-05,-0.464060982733757,34.36
5,312120,Breweries,188,0.000640816467295552,-0.0319936270047988,52.33
5,312130,Wineries,104,0.000460841748425884,-0.543973600773368,31.08
5,312140,Distilleries,118,0.000158617994245719,-0.234519336147556,42.92
5,312230,Tobacco Manufacturing,31,6.20853694883158e-05,0.418225836109769,70.61
5,313110,"Fiber, Yarn, and Thread Mills",37,0.000122639112472577,-0.506249761274303,32.03
5,313210,Broadwoven Fabric Mills,65,0.000114143461339602,-0.446386429838085,35.2
5,313220,Narrow Fabric Mills and Schiffli Machine Embroidery,48,3.22043115871205e-05,0.397250967938159,70.08
5,313230,Nonwoven Fabric Mills,71,8.97062744209815e-05,0.374536576322313,69.03
5,313240,Knit Fabric Mills,29,2.56418369779887e-05,0.708755223154092,78.01
5,313310,Textile and Fabric Finishing Mills,89,0.000100186729937488,-0.592912926270954,29.18
5,313320,Fabric Coating Mills,51,3.67590360973046e-05,0.801640082743993,79.81
5,314110,Carpet and Rug Mills,21,0.000153495363278976,-0.835415555087114,19.24
5,314120,Curtain and Linen Mills,91,8.75608500295346e-05,-0.0300284161178024,52.54
5,314910,Textile Bag and Canvas Mills,151,0.000141425916969873,-0.303495309643842,40.27
5,314994,"Rope, Cordage, Twine, Tire Cord, and Tire Fabric Mills",52,2.96802828913006e-05,0.0327147604147641,56.77
5,314999,All Other Miscellaneous Textile Product Mills,166,0.000190621530822945,-0.755587867162581,22.2
5,315120,Apparel Knitting Mills,34,3.75449268503213e-05,0.301506960176413,66.17
5,315210,Cut and Sew Apparel Contractors,78,0.000156432414852294,-0.223470728209527,43.23
5,315250,Cut and Sew Apparel Manufacturing (except Contractors),104,0.000278090597990814,-0.239056170077413,42.71
5,315990,Apparel Accessories and Other Apparel Manufacturing,115,8.37690705569506e-05,-0.434722770919128,35.73
5,316110,Leather and Hide Tanning and Finishing,103,2.2957188274253e-05,-1.35246800635805,7.51
5,316210,Footwear Manufacturing,63,7.42351258013763e-05,-0.785942963768514,20.82
5,316990,Other Leather and Allied Product Manufacturing,146,7.6076519463554e-05,-0.966258678212046,15.33
5,321113,Sawmills,239,0.000469985616019377,-1.26687592859731,8.77
5,321114,Wood Preservation,122,6.63590089846473e-05,-0.877204530500016,17.76
5,321211,Hardwood Veneer and Plywood Manufacturing,78,7.49177608350184e-05,-0.621452163867549,27.8
5,321212,Softwood Veneer and Plywood Manufacturing,37,8.52261234859012e-05,-0.707725561473634,24.31
5,321215,Engineered Wood Member Manufacturing,200,0.000229204751295865,-0.792621720974055,20.51
5,321219,Reconstituted Wood Product Manufacturing,69,8.214566119123e-05,-0.544831332777608,30.97
5,321911,Wood Window and Door Manufacturing,96,0.000331232874895531,-0.639846719619973,26.64
5,321912,"Cut Stock, Resawing Lumber, and Planing",115,7.64551237679269e-05,-0.901104393676646,17.12
5,321918,Other Millwork (including Flooring),150,0.000210762132529817,-0.624781318478894,27.48
5,321920,Wood Container and Pallet Manufacturing,221,0.000399381649682669,-1.14067872628706,10.57
5,321991,Manufactured Home (Mobile Home) Manufacturing,74,0.000178729913808321,-0.595868025756847,28.96
5,321992,Prefabricated Wood Building Manufacturing,154,0.000109043776088275,-1.02836698593914,13
5,321999,All Other Miscellaneous Wood Product Manufacturing,233,0.000203115472867254,-1.07208352614235,12.37
5,322110,Pulp Mills,36,2.62384255788189e-05,-0.674476693376396,25.48
5,322120,Paper Mills,88,0.000289534773554815,-0.441632904524737,35.52
5,322130,Paperboard Mills,65,0.000188808819305038,-0.25325504324222,42.39
5,322211,Corrugated and Solid Fiber Box Manufacturing,140,0.000608095877111559,-0.454788331445341,34.57
5,322212,Folding Paperboard Box Manufacturing,71,0.000166448219631615,0.538952051453594,74.31
5,322219,Other Paperboard Container Manufacturing,78,0.000150185443830139,0.00883607712810546,54.97
5,322220,Paper Bag and Coated and Treated Paper Manufacturing,103,0.000313386844730313,0.0283880885410057,56.34
5,322230,Stationery Product Manufacturing,69,7.5950318028763e-05,0.40410352480137,70.3
5,322291,Sanitary Paper Product Manufacturing,57,0.000165128840995164,0.0377110762758225,57.51
5,322299,All Other Converted Paper Product Manufacturing,78,0.000102819750781537,-0.025406071776756,53.07
5,323111,Commercial Printing (except Screen and Books),141,0.00151734279620756,-0.208839193021669,43.87
5,323113,Commercial Screen Printing,197,0.000460858957712446,-0.709203769188431,24.21
5,323117,Books Printing,60,7.55545044378276e-05,0.554378516778638,74.74
5,323120,Support Activities for Printing,69,9.54771218482425e-05,0.740134784766457,78.96
5,324110,Petroleum Refineries,75,0.000371921364757919,-1.21922754531994,9.41
5,324121,Asphalt Paving Mixture and Block Manufacturing,129,0.000102722231491016,-0.520556267270067,31.5
5,324122,Asphalt Shingle and Coating Materials Manufacturing,59,7.89045788886431e-05,0.446037351196518,71.88
5,324191,Petroleum Lubricating Oil and Grease Manufacturing,69,6.38349802888274e-05,0.0167289047881864,55.29
5,324199,All Other Petroleum and Coal Products Manufacturing,41,2.66916034582956e-05,-0.422016301665078,36.36
5,325110,Petrochemical Manufacturing,27,0.000151223737452738,-0.977582895635709,14.8
5,325120,Industrial Gas Manufacturing,86,0.000126786550534118,-0.326405046572141,39.01
5,325130,Synthetic Dye and Pigment Manufacturing,57,5.58269256084533e-05,0.554573783183445,74.84
5,325180,Other Basic Inorganic Chemical Manufacturing,107,0.000239415594656227,-0.769821821046488,21.67
5,325193,Ethyl Alcohol Manufacturing,97,6.14256801700902e-05,-1.74762592893911,2.64
5,325194,"Cyclic Crude, Intermediate, and Gum and Wood Chemical Manufacturing",46,1.85573473431305e-05,-0.676786137556643,25.16
5,325199,All Other Basic Organic Chemical Manufacturing,106,0.000242111716217671,-0.361332967379952,37.63
5,325211,Plastics Material and Resin Manufacturing,104,0.000357287734751018,-0.559879253084775,30.55
5,325212,Synthetic Rubber Manufacturing,48,5.46566941222095e-05,0.329418260789232,67.44
5,325220,Artificial and Synthetic Fibers and Filaments Manufacturing,48,0.000139372275440093,0.258550360613846,65.12
5,325311,Nitrogenous Fertilizer Manufacturing,95,5.17483246931624e-05,-1.14396858225631,10.47
5,325312,Phosphatic Fertilizer Manufacturing,26,3.36785738026335e-05,-0.807299312860831,20.19
5,325314,Fertilizer (Mixing Only) Manufacturing,127,4.33501928507071e-05,-0.835375035459463,19.34
5,325315,Compost Manufacturing,49,7.0730167771499e-06,0.461549915560008,71.99
5,325320,Pesticide and Other Agricultural Chemical Manufacturing,78,8.15662818769623e-05,-0.533839768297877,31.4
5,325411,Medicinal and Botanical Manufacturing,78,0.00026058301712799,0.037138002482462,57.4
5,325412,Pharmaceutical Preparation Manufacturing,65,0.00133259536853125,0.97434673314777,83.72
5,325413,In-Vitro Diagnostic Substance Manufacturing,35,0.000163144036611633,1.74517137069978,95.03
5,325414,Biological Product (except Diagnostic) Manufacturing,44,0.000267782235339931,1.08188551510317,85.73
5,325510,Paint and Coating Manufacturing,95,0.000246741014302959,-0.258075529653215,41.86
5,325520,Adhesive Manufacturing,65,0.000138437237536868,0.699668991891418,77.7
5,325611,Soap and Other Detergent Manufacturing,69,0.000166620312497239,0.0864732993643883,59.2
5,325612,Polish and Other Sanitation Good Manufacturing,70,0.000152021101063463,-0.037319655116614,52.01
5,325613,Surface Active Agent Manufacturing,41,2.7466021353604e-05,0.582335367503817,75.26
5,325620,Toilet Preparation Manufacturing,74,0.000328370396897317,0.850607395609497,80.87
5,325910,Printing Ink Manufacturing,49,4.37746885859132e-05,0.737850039795945,78.75
5,325920,Explosives Manufacturing,43,4.08548462991578e-05,-0.354978706231848,37.84
5,325991,Custom Compounding of Purchased Resins,78,9.91484363148897e-05,-0.0641546233042578,50.42
5,325992,"Photographic Film, Paper, Plate, Chemical, and Copy Toner Manufacturing",38,3.52102003066878e-05,0.20116363995911,63.11
5,325998,All Other Miscellaneous Chemical Product and Preparation Manufacturing,129,0.000249551864441486,-0.513557722695628,31.61
5,326111,Plastics Bag and Pouch Manufacturing,76,0.000226921652611919,0.0159129038123335,55.18
5,326112,Plastics Packaging Film and Sheet (including Laminated) Manufacturing,67,0.000140760491222793,-0.0655199894718794,50.32
5,326113,Unlaminated Plastics Film and Sheet (except Packaging) Manufacturing,88,0.000207584150944626,-0.143937944579267,46.72
5,326121,Unlaminated Plastics Profile Shape Manufacturing,83,0.000128369804897859,0.310328944216147,66.6
5,326122,Plastics Pipe and Pipe Fitting Manufacturing,126,0.000186445410617134,-0.746987886275083,22.52
5,326130,"Laminated Plastics Plate, Sheet (except Packaging), and Shape Manufacturing",83,0.000116547025029485,0.0670952857726526,58.77
5,326140,Polystyrene Foam Product Manufacturing,86,0.00016841007829973,-0.202470840761445,44.29
5,326150,Urethane and Other Foam Product (except Polystyrene) Manufacturing,105,0.000214255617701986,-0.0231535370212475,53.38
5,326160,Plastics Bottle Manufacturing,94,0.000200230049153623,-0.167793363410104,45.56
5,326191,Plastics Plumbing Fixture Manufacturing,63,8.64307735452698e-05,0.0174397593871511,55.39
5,326199,All Other Plastics Product Manufacturing,178,0.00172029191263804,-0.826525316025853,19.66
5,326211,Tire Manufacturing (except Retreading),50,0.000295328566697493,-0.628751560853243,27.17
5,326212,Tire Retreading,80,3.73957797001137e-05,-0.314183459299652,39.64
5,326220,Rubber and Plastics Hoses and Belting Manufacturing,83,0.000132241894374401,-0.505926714300702,32.14
5,326291,Rubber Product Manufacturing for Mechanical Use,80,0.000158256599227909,-0.504529150664032,32.24
5,326299,All Other Rubber Product Manufacturing,101,0.000141833203418517,-0.454266649892103,34.67
5,327110,"Pottery, Ceramics, and Plumbing Fixture Manufacturing",147,9.63375861763629e-05,-0.496153665462124,32.88
5,327120,Clay Building Material and Refractories Manufacturing,104,0.000127377402706094,-0.502933904419866,32.35
5,327211,Flat Glass Manufacturing,43,6.74604033246414e-05,0.688578461817355,77.38
5,327212,Other Pressed and Blown Glass and Glassware Manufacturing,59,6.99672227338989e-05,0.209671558698877,63.53
5,327213,Glass Container Manufacturing,37,6.49249017711132e-05,0.310135259649605,66.49
5,327215,Glass Product Manufacturing Made of Purchased Glass,97,0.00027094300763856,0.00201710976133019,54.55
5,327310,Cement Manufacturing,87,8.81287564860941e-05,-0.0987829951227893,48.63
5,327320,Ready-Mix Concrete Manufacturing,344,0.0006184845497664,-1.46018340602903,5.92
5,327331,Concrete Block and Brick Manufacturing,136,0.000108521761062548,0.151808846122778,61.73
5,327332,Concrete Pipe Manufacturing,78,5.7628164268652e-05,0.380868885205187,69.34
5,327390,Other Concrete Product Manufacturing,174,0.000331083727745324,-0.509996081312021,31.82
5,327410,Lime Manufacturing,50,2.44085047743494e-05,-0.113940815507073,48.2
5,327420,Gypsum Product Manufacturing,58,7.09883070699352e-05,-0.109411600467688,48.31
5,327910,Abrasive Product Manufacturing,64,5.7501962833861e-05,0.156997389770859,61.84
5,327991,Cut Stone and Stone Product Manufacturing,196,0.000211060426830232,-0.274883445493726,41.01
5,327992,Ground or Treated Mineral and Earth Manufacturing,50,3.94207390856238e-05,-0.610784808597501,28.22
5,327993,Mineral Wool Manufacturing,85,0.000101001302834776,-0.354188556805019,37.95
5,327999,All Other Miscellaneous Nonmetallic Mineral Product Manufacturing,88,7.42293893725221e-05,-0.0492241415286137,51.27
5,331110,Iron and Steel Mills and Ferroalloy Manufacturing,88,0.000493384509315398,-0.948063836114026,15.75
5,331210,Iron and Steel Pipe and Tube Manufacturing from Purchased Steel,92,0.000160258612898002,-0.577166152976203,29.49
5,331221,Rolled Steel Shape Manufacturing,87,0.000125926086205997,0.00489649737284945,54.65
5,331222,Steel Wire Drawing,62,5.96990150849952e-05,-0.172740921529,45.45
5,331313,Alumina Refining and Primary Aluminum Production,32,4.47269357756998e-05,-0.0706395358480433,49.79
5,331314,Secondary Smelting and Alloying of Aluminum,40,3.28181094745131e-05,0.0769134107417665,58.88
5,331315,"Aluminum Sheet, Plate, and Foil Manufacturing",36,0.000108378350341195,-0.434675706849429,35.84
5,331318,"Other Aluminum Rolling, Drawing, and Extruding",77,0.000155554741237611,-0.136541479168186,47.15
5,331410,Nonferrous Metal (except Aluminum) Smelting and Refining,41,4.70903444636039e-05,0.439380965904637,71.46
5,331420,"Copper Rolling, Drawing, Extruding, and Alloying",74,0.000165237833143393,-0.00937131658516365,53.91
5,331491,"Nonferrous Metal (except Copper and Aluminum) Rolling, Drawing, and Extruding",54,8.91268951067138e-05,0.344524855896395,68.08
5,331492,"Secondary Smelting, Refining, and Alloying of Nonferrous Metal (except Copper and Aluminum)",56,6.0112037962493e-05,0.28699021646361,65.64
5,331511,Iron Foundries,89,0.000190644476538362,-0.908050980657249,16.7
5,331512,Steel Investment Foundries,36,6.33531202650799e-05,1.03748947746529,84.46
5,331513,Steel Foundries (except Investment),61,6.35596317038288e-05,-0.194207928255855,44.71
5,331523,Nonferrous Metal Die-Casting Foundries,75,0.000119604541608739,-0.424201653144567,36.05
5,331524,Aluminum Foundries (except Die-Casting),67,8.85417793635919e-05,-0.272857166331501,41.12
5,331529,Other Nonferrous Metal Foundries (except Die-Casting),57,7.61109380366788e-05,-0.0800385729867745,49.05
5,332111,Iron and Steel Forging,79,0.000116816637185629,-0.342898639539702,38.16
5,332112,Nonferrous Forging,28,3.95641498069772e-05,0.944721062576784,83.3
5,332114,Custom Roll Forming,49,3.46595031366908e-05,0.00566318012739824,54.76
5,332117,Powder Metallurgy Part Manufacturing,31,4.69010423114174e-05,0.445490544829501,71.78
5,332119,"Metal Crown, Closure, and Other Metal Stamping (except Automotive)",103,0.000274648740678332,-0.428728811193829,35.94
5,332215,"Metal Kitchen Cookware, Utensil, Cutlery, and Flatware (except Precious) Manufacturing",68,5.58039798930367e-05,-0.0256206369000017,52.96
5,332216,Saw Blade and Handtool Manufacturing,105,0.00014785645371536,-0.477199542364637,33.72
5,332311,Prefabricated Metal Building and Component Manufacturing,153,0.000219567550820916,-1.00643727241122,14.06
5,332312,Fabricated Structural Metal Manufacturing,213,0.000578054199202448,-1.08141417502499,12.05
5,332313,Plate Work Manufacturing,177,0.000282524857495061,-0.985819753729342,14.48
5,332321,Metal Window and Door Manufacturing,107,0.000392348787907498,-0.575585410770393,29.81
5,332322,Sheet Metal Work Manufacturing,156,0.000671385896659244,-0.535180969062177,31.29
5,332323,Ornamental and Architectural Metal Work Manufacturing,155,0.00026456409875276,-0.33442809392344,38.58
5,332410,Power Boiler and Heat Exchanger Manufacturing,72,0.000130716004299201,-0.0371219905575204,52.11
5,332420,Metal Tank (Heavy Gauge) Manufacturing,144,0.000222630803829025,-1.01961176088876,13.32
5,332431,Metal Can Manufacturing,70,0.000124405932559651,0.304755755316861,66.28
5,332439,Other Metal Container Manufacturing,81,8.41304655747612e-05,-0.327865918581186,38.79
5,332510,Hardware Manufacturing,86,0.000131828871496903,-0.362843780322529,37.42
5,332613,Spring Manufacturing,64,8.90580579604641e-05,0.290514230143509,65.75
5,332618,Other Fabricated Wire Product Manufacturing,112,0.000139624678309675,-0.576994226967655,29.6
5,332710,Machine Shops,229,0.00153859052868328,-1.21194729453056,9.51
5,332721,Precision Turned Product Manufacturing,97,0.000226674986171191,-0.280244470149855,40.7
5,332722,"Bolt, Nut, Screw, Rivet, and Washer Manufacturing",65,0.000206195935161925,0.0668510785398976,58.67
5,332811,Metal Heat Treating,68,0.00010495943874413,0.0621277899401335,58.25
5,332812,"Metal Coating, Engraving (except Jewelry and Silverware), and Allied Services to Manufacturers",138,0.000344076739099942,-0.597809590969064,28.86
5,332813,"Electroplating, Plating, Polishing, Anodizing, and Coloring",103,0.000306078634370144,-0.185040526175113,44.93
5,332911,Industrial Valve Manufacturing,74,0.000158445901380095,-0.132951157585059,47.36
5,332912,Fluid Power Valve and Hose Fitting Manufacturing,77,0.0002069244616264,0.173607115053445,62.16
5,332913,Plumbing Fixture Fitting and Trim Manufacturing,43,6.63073811249601e-05,0.42348174405903,70.72
5,332919,Other Metal Valve and Pipe Fitting Manufacturing,65,8.55014720708997e-05,-0.0473965821135301,51.48
5,332991,Ball and Roller Bearing Manufacturing,54,0.000115021134954284,0.274500069852061,65.43
5,332992,Small Arms Ammunition Manufacturing,49,7.00073777358779e-05,-0.996371804550328,14.27
5,332993,Ammunition (except Small Arms) Manufacturing,19,0.000103301610805284,-0.776171778295291,21.35
5,332994,"Small Arms, Ordnance, and Ordnance Accessories Manufacturing",90,0.000145366843592665,0.0435457409987807,57.82
5,332996,Fabricated Pipe and Pipe Fitting Manufacturing,95,0.000188246649277333,-0.566929858895518,30.23
5,332999,All Other Miscellaneous Fabricated Metal Product Manufacturing,153,0.000506928217840014,-0.762068496979029,21.78
5,333111,Farm Machinery and Equipment Manufacturing,168,0.000383313912462233,-2.06074316918019,0.85
5,333112,Lawn and Garden Tractor and Home Lawn and Garden Equipment Manufacturing,50,9.23106131207593e-05,-0.542767339807119,31.18
5,333120,Construction Machinery Manufacturing,113,0.000438205800167462,-0.966359339483653,15.22
5,333131,Mining Machinery and Equipment Manufacturing,77,5.56318870274126e-05,-0.80192059141641,20.3
5,333132,Oil and Gas Field Machinery and Equipment Manufacturing,66,0.000271688743389598,-1.73803484399375,2.85
5,333241,Food Product Machinery Manufacturing,99,0.000121348415980397,-0.194181480924138,44.82
5,333242,Semiconductor Machinery Manufacturing,23,0.000167228373955778,2.37819896063214,97.67
5,333243,"Sawmill, Woodworking, and Paper Machinery Manufacturing",90,7.33517157578393e-05,-0.488067701840105,33.09
5,333248,All Other Industrial Machinery Manufacturing,123,0.000408238695833455,-0.136604444072208,47.04
5,333310,Commercial and Service Industry Machinery Manufacturing,110,0.000512945731708003,0.0997517874904553,59.62
5,333413,Industrial and Commercial Fan and Blower and Air Purification Equipment Manufacturing,88,0.000188923547882121,-0.0685429963803982,49.89
5,333414,Heating Equipment (except Warm Air Furnaces) Manufacturing,81,8.95628636996281e-05,0.0633977483146338,58.46
5,333415,Air-Conditioning and Warm Air Heating Equipment and Commercial and Industrial Refrigeration Equipment Manufacturing,105,0.000567676999405316,-0.457582963138991,34.46
5,333511,Industrial Mold Manufacturing,101,0.000185206341984641,-0.582273681239795,29.39
5,333514,"Special Die and Tool, Die Set, Jig, and Fixture Manufacturing",118,0.000295391667414888,-0.716612881822247,24
5,333515,Cutting Tool and Machine Tool Accessory Manufacturing,98,0.000121956477438935,0.177441431664634,62.58
5,333517,Machine Tool Manufacturing,103,0.000243763807727663,-0.410511663590725,36.58
5,333519,Rolling Mill and Other Metalworking Machinery Manufacturing,60,6.58197846723585e-05,-0.0419202941104207,51.9
5,333611,Turbine and Turbine Generator Set Units Manufacturing,42,0.000116088110721154,0.0361700021654361,57.19
5,333612,"Speed Changer, Industrial High-Speed Drive, and Gear Manufacturing",55,6.48847467691343e-05,-0.0210649693959669,53.59
5,333613,Mechanical Power Transmission Equipment Manufacturing,70,7.64207051948021e-05,0.360213358928666,68.71
5,333618,Other Engine Equipment Manufacturing,47,0.000278130752992792,-0.62185075972263,27.7
5,333912,Air and Gas Compressor Manufacturing,70,0.000113959895616269,-0.4476043197387,34.99
5,333914,"Measuring, Dispensing, and Other Pumping Equipment Manufacturing",103,0.000160981402933623,-0.625255592944368,27.38
5,333921,Elevator and Moving Stairway Manufacturing,47,6.66802490004789e-05,0.736686387114203,78.65
5,333922,Conveyor and Conveying Equipment Manufacturing,125,0.00021204135616429,-0.736926264851985,23.04
5,333923,"Overhead Traveling Crane, Hoist, and Monorail System Manufacturing",74,9.124363735389e-05,-0.0771323608368756,49.26
5,333924,"Industrial Truck, Tractor, Trailer, and Stacker Machinery Manufacturing",80,0.000189107113605453,-0.502338342376177,32.45
5,333991,Power-Driven Handtool Manufacturing,40,5.92917286363515e-05,0.321462161054099,66.91
5,333992,Welding and Soldering Equipment Manufacturing,88,9.16050323717006e-05,-0.451357815390688,34.78
5,333993,Packaging Machinery Manufacturing,75,0.000140611344072586,0.223587378355561,63.85
5,333994,Industrial Process Furnace and Oven Manufacturing,54,5.7077467098655e-05,0.509105591049195,73.47
5,333995,Fluid Power Cylinder and Actuator Manufacturing,73,9.16509238025337e-05,-0.396099768755398,36.89
5,333996,Fluid Power Pump and Motor Manufacturing,54,0.000106032150939853,-0.10345372350442,48.52
5,333998,All Other Miscellaneous General Purpose Machinery Manufacturing,121,0.00027894532589008,-0.256653495251517,41.97
5,334111,Electronic Computer Manufacturing,25,0.000356019983974253,2.70813712730791,98.94
5,334112,Computer Storage Device Manufacturing,15,7.95470589203063e-05,2.44693818585283,98.1
5,334118,Computer Terminal and Other Computer Peripheral Equipment Manufacturing,43,0.000175787125806149,1.65957594550537,94.08
5,334210,Telephone Apparatus Manufacturing,28,7.85948117305197e-05,1.91515996055335,96.19
5,334220,Radio and Television Broadcasting and Wireless Communications Equipment Manufacturing,50,0.000292661127280319,1.21892715286634,88.05
5,334290,Other Communications Equipment Manufacturing,56,0.000105928895220479,1.45650536249129,91.33
5,334310,Audio and Video Equipment Manufacturing,45,0.000110661449025141,1.65087893807443,93.87
5,334412,Bare Printed Circuit Board Manufacturing,41,0.000157637064911662,1.44099931131145,91.01
5,334413,Semiconductor and Related Device Manufacturing,32,0.00117896806738863,1.38155775692887,90.06
5,334416,"Capacitor, Resistor, Coil, Transformer, and Other Inductor Manufacturing",63,9.84944834255181e-05,0.339440809605858,67.97
5,334417,Electronic Connector Manufacturing,40,0.000133222823708459,1.55715601735814,92.28
5,334418,Printed Circuit Assembly (Electronic Assembly) Manufacturing,77,0.000346245109206805,0.747507647510872,79.07
5,334419,Other Electronic Component Manufacturing,86,0.000373625084127597,0.215386014223258,63.74
5,334510,Electromedical and Electrotherapeutic Apparatus Manufacturing,37,0.000427226275340646,1.59436527811794,92.81
5,334511,"Search, Detection, Navigation, Guidance, Aeronautical, and Nautical System and Instrument Manufacturing",49,0.000706257647663538,1.23005630591962,88.27
5,334512,"Automatic Environmental Control Manufacturing for Residential, Commercial, and Appliance Use",56,7.52447372797042e-05,0.328642483023227,67.34
5,334513,"Instruments and Related Products Manufacturing for Measuring, Displaying, and Controlling Industrial Process Variables",96,0.000329374271946791,0.104451476141052,59.94
5,334514,Totalizing Fluid Meter and Counting Device Manufacturing,46,5.19089447010783e-05,0.946239828072372,83.4
5,334515,Instrument Manufacturing for Measuring and Testing Electricity and Electrical Signals,57,0.000209368180318262,0.686849488160044,77.27
5,334516,Analytical Laboratory Instrument Manufacturing,50,0.000257514027691027,1.73497578783479,94.82
5,334517,Irradiation Apparatus Manufacturing,21,7.70803945130278e-05,2.81918962148034,99.15
5,334519,Other Measuring and Controlling Device Manufacturing,54,0.000236094202349683,0.876279630844253,81.29
5,334610,Manufacturing and Reproducing Magnetic and Optical Media,41,6.70186983028729e-05,1.40554537449427,90.59
5,335131,Residential Electric Lighting Fixture Manufacturing,60,3.86520576191696e-05,0.593737966849545,75.58
5,335132,"Commercial, Industrial, and Institutional Electric Lighting Fixture Manufacturing",59,0.000105963313793603,0.882762378938656,81.5
5,335139,Electric Lamp Bulb and Other Lighting Equipment Manufacturing,44,6.71219540222474e-05,0.90170172510499,81.92
5,335210,Small Electrical Appliance Manufacturing,42,5.98424258063486e-05,0.127939021568306,61.1
5,335220,Major Household Appliance Manufacturing,43,0.000289075859246484,-0.0666375349045149,50.21
5,335311,"Power, Distribution, and Specialty Transformer Manufacturing",64,0.000194912379605839,-0.422738914782536,36.15
5,335312,Motor and Generator Manufacturing,85,0.000209890195343989,-0.19843465140112,44.4
5,335313,Switchgear and Switchboard Apparatus Manufacturing,71,0.00025689449337478,0.208551894060741,63.42
5,335314,Relay and Industrial Control Manufacturing,65,0.000249282252285342,0.115335626156112,60.47
5,335910,Battery Manufacturing,53,0.000321630092993707,-0.599252907492246,28.65
5,335921,Fiber Optic Cable Manufacturing,32,6.98410212991079e-05,1.20425990937141,87.74
5,335929,Other Communication and Energy Wire Manufacturing,61,7.52160551354335e-05,0.943517053523893,83.19
5,335931,Current-Carrying Wiring Device Manufacturing,81,0.000169218914768163,0.214863301466534,63.64
5,335932,Noncurrent-Carrying Wiring Device Manufacturing,52,6.67318768601661e-05,0.253577397763353,64.9
5,335991,Carbon and Graphite Product Manufacturing,51,5.9693278656141e-05,0.542634521093749,74.42
5,335999,All Other Miscellaneous Electrical Equipment and Component Manufacturing,86,0.000219395457955292,0.805833857974435,79.92
5,336110,Automobile and Light Duty Motor Vehicle Manufacturing,39,0.00145571634102757,0.000625215895786409,54.33
5,336120,Heavy Duty Truck Manufacturing,45,0.0002296005648868,0.0319190751075448,56.55
5,336211,Motor Vehicle Body Manufacturing,123,0.000359324166994236,-0.991354479545177,14.38
5,336212,Truck Trailer Manufacturing,131,0.000242960707688084,-1.42564438266478,6.24
5,336213,Motor Home Manufacturing,12,9.45879753758514e-05,-0.338498798284505,38.27
5,336214,Travel Trailer and Camper Manufacturing,110,0.000255282556866768,-1.51133232198079,5.5
5,336310,Motor Vehicle Gasoline Engine and Engine Parts Manufacturing,98,0.000335896591553944,-0.855093641644513,18.5
5,336320,Motor Vehicle Electrical and Electronic Equipment Manufacturing,98,0.000352165103784274,-0.784593582219309,20.93
5,336330,Motor Vehicle Steering and Suspension Components (except Spring) Manufacturing,67,0.00018401316478298,-0.324675154101709,39.11
5,336340,Motor Vehicle Brake System Manufacturing,55,0.000118933379432805,-0.0270425819516867,52.85
5,336350,Motor Vehicle Transmission and Power Train Parts Manufacturing,74,0.000452977104466863,-0.54972643367604,30.76
5,336360,Motor Vehicle Seating and Interior Trim Manufacturing,84,0.000434683632851023,-0.508768470131273,31.92
5,336370,Motor Vehicle Metal Stamping,73,0.000477339717810379,-0.389895181238181,37
5,336390,Other Motor Vehicle Parts Manufacturing,135,0.000890660889608599,-0.969796248324404,15.01
5,336411,Aircraft Manufacturing,39,0.00146734408231491,0.543572396071682,74.52
5,336412,Aircraft Engine and Engine Parts Manufacturing,54,0.000529937033973954,0.424076721848932,70.82
5,336413,Other Aircraft Parts and Auxiliary Equipment Manufacturing,88,0.000605204716969075,-0.00962578199779971,53.81
5,336414,Guided Missile and Space Vehicle Manufacturing,21,0.000468385152369073,2.18359017266281,97.04
5,336415,Guided Missile and Space Vehicle Propulsion Unit and Propulsion Unit Parts Manufacturing,24,0.000112996175568774,1.01412615285504,84.04
5,336419,Other Guided Missile and Space Vehicle Parts and Auxiliary Equipment Manufacturing,13,5.36700283592981e-05,2.37564652868511,97.57
5,336510,Railroad Rolling Stock Manufacturing,62,0.000130469337858473,-0.568346693909544,30.13
5,336611,Ship Building and Repairing,38,0.000623440824296374,0.322807176078604,67.02
5,336612,Boat Building,104,0.000256039765475514,-0.196375481014309,44.5
5,336991,"Motorcycle, Bicycle, and Parts Manufacturing",50,5.91081629130192e-05,0.411316030825482,70.4
5,336992,"Military Armored Vehicle, Tank, and Tank Component Manufacturing",24,4.99126674598389e-05,1.06881109634892,85.41
5,336999,All Other Transportation Equipment Manufacturing,66,0.000122214616737371,-0.68337775917449,24.95
5,337110,Wood Kitchen Cabinet and Countertop Manufacturing,191,0.000730689098153304,-1.07641117686332,12.26
5,337121,Upholstered Household Furniture Manufacturing,44,0.000275216647134891,-0.480425604051561,33.51
5,337122,Nonupholstered Wood Household Furniture Manufacturing,136,0.0001716282148869,-0.6246228169739,27.59
5,337126,Household Furniture (except Wood and Upholstered) Manufacturing,72,5.86148300315634e-05,0.425755832313825,71.04
5,337127,Institutional Furniture Manufacturing,79,0.000137421889629686,-0.493052687374385,32.98
5,337211,Wood Office Furniture Manufacturing,48,8.72281371559947e-05,-0.358496893821212,37.74
5,337212,Custom Architectural Woodwork and Millwork Manufacturing,128,0.000169545891212849,0.439564776131654,71.56
5,337214,Office Furniture (except Wood) Manufacturing,35,0.000108303776766091,0.66424591083107,77.06
5,337215,"Showcase, Partition, Shelving, and Locker Manufacturing",94,0.000223864136032664,-0.0672251329517396,50.11
5,337910,Mattress Manufacturing,73,0.000114493383499704,0.89858981216522,81.82
5,337920,Blind and Shade Manufacturing,52,5.21900297149309e-05,0.787234138404967,79.6
5,339112,Surgical and Medical Instrument Manufacturing,64,0.00081724033670451,0.868369937864337,81.08
5,339113,Surgical Appliance and Supplies Manufacturing,101,0.000588746902586558,0.00931152768371312,55.07
5,339114,Dental Equipment and Supplies Manufacturing,51,9.77085926725015e-05,1.26031205530475,88.69
5,339115,Ophthalmic Goods Manufacturing,42,0.00013942390329978,0.847279406294088,80.76
5,339116,Dental Laboratories,117,0.000283849972560366,-0.330788040002199,38.69
5,339910,Jewelry and Silverware Manufacturing,82,0.000152531643231481,-0.0792839635210655,49.15
5,339920,Sporting and Athletic Goods Manufacturing,163,0.000285157878339109,-0.480908657327103,33.4
5,339930,"Doll, Toy, and Game Manufacturing",82,8.06886082622794e-05,0.131048163309747,61.21
5,339940,Office Supplies (except Paper) Manufacturing,61,6.08749830000931e-05,0.350961495330193,68.29
5,339950,Sign Manufacturing,177,0.000516404798307047,-0.367308255267495,37.32
5,339991,"Gasket, Packing, and Sealing Device Manufacturing",83,0.000166270390337137,-0.309867192722787,39.96
5,339992,Musical Instrument Manufacturing,74,7.48087686867899e-05,0.534738768107042,74.21
5,339993,"Fastener, Button, Needle, and Pin Manufacturing",33,2.99212129031743e-05,1.03835513427448,84.57
5,339994,"Broom, Brush, and Mop Manufacturing",52,4.58283301156939e-05,-0.0293473657272417,52.64
5,339995,Burial Casket Manufacturing,49,1.87753316395877e-05,-0.823756891018868,19.77
5,339999,All Other Miscellaneous Manufacturing,148,0.000458965936190581,-0.474764216647654,33.83
5,423110,Automobile and Other Motor Vehicle Merchant Wholesalers,194,0.000815582508765665,-0.759611156237655,21.99
5,423120,Motor Vehicle Supplies and New Parts Merchant Wholesalers,135,0.00105776879855844,-0.714945831762902,24.1
5,423130,Tire and Tube Merchant Wholesalers,122,0.000202203380679446,-0.262803168878221,41.54
5,423140,Motor Vehicle Parts (Used) Merchant Wholesalers,173,0.000135482976676988,-0.672849836349572,25.69
5,423210,Furniture Merchant Wholesalers,63,0.000296441433895195,1.28653021454832,89.01
5,423220,Home Furnishing Merchant Wholesalers,68,0.00036337982219411,1.10941605397245,86.36
5,423310,"Lumber, Plywood, Millwork, and Wood Panel Merchant Wholesalers",146,0.000669011015113632,-0.253408767158712,42.28
5,423320,"Brick, Stone, and Related Construction Material Merchant Wholesalers",137,0.000392974058652599,0.141887865062798,61.42
5,423330,"Roofing, Siding, and Insulation Material Merchant Wholesalers",153,0.000272543471288864,0.252960421565472,64.69
5,423390,Other Construction Material Merchant Wholesalers,132,0.000215334066326564,-0.136097119099618,47.25
5,423410,Photographic Equipment and Supplies Merchant Wholesalers,35,6.75062947554745e-05,1.59437904253214,92.92
5,423420,Office Equipment Merchant Wholesalers,100,0.000402335910542549,0.732813971630611,78.44
5,423430,Computer and Computer Peripheral Equipment and Software Merchant Wholesalers,33,0.00131644732130686,2.14598486409092,96.93
5,423440,Other Commercial Equipment Merchant Wholesalers,78,0.000343181856198697,0.697662926631809,77.59
5,423450,"Medical, Dental, and Hospital Equipment and Supplies Merchant Wholesalers",57,0.00183227847672849,1.46123736640354,91.54
5,423460,Ophthalmic Goods Merchant Wholesalers,51,0.000130016159978996,1.1865698479792,87.53
5,423490,Other Professional Equipment and Supplies Merchant Wholesalers,69,0.000220927084459347,1.3745283506573,89.96
5,423510,Metal Service Centers and Other Metal Merchant Wholesalers,145,0.000770247511531427,-1.08507967186297,11.84
5,423520,Coal and Other Mineral and Ore Merchant Wholesalers,70,1.54080479022098e-05,-0.166167645141201,45.67
5,423610,"Electrical Apparatus and Equipment, Wiring Supplies, and Related Equipment Merchant Wholesalers",120,0.00115575273981594,-0.177398643643429,45.24
5,423620,"Household Appliances, Electric Housewares, and Consumer Electronics Merchant Wholesalers",54,0.000207285856644211,1.17068852913415,87.21
5,423690,Other Electronic Parts and Equipment Merchant Wholesalers,48,0.000824238779906556,1.90081216870908,96.09
5,423710,Hardware Merchant Wholesalers,101,0.000542585859597324,0.00833783307276874,54.86
5,423720,Plumbing and Heating Equipment and Supplies (Hydronics) Merchant Wholesalers,152,0.000703148503224596,-0.0301221322081858,52.43
5,423730,Warm Air Heating and Air-Conditioning Equipment and Supplies Merchant Wholesalers,97,0.000490326992736144,0.524591672691723,74.1
5,423740,Refrigeration Equipment and Supplies Merchant Wholesalers,96,9.42380532157491e-05,0.433015208511319,71.25
5,423810,Construction and Mining (except Oil Well) Machinery and Equipment Merchant Wholesalers,229,0.000629165780292802,-0.772978189016841,21.46
5,423820,Farm and Garden Machinery and Equipment Merchant Wholesalers,336,0.000681160771426692,-2.02393525740061,1.06
5,423830,Industrial Machinery and Equipment Merchant Wholesalers,147,0.00201256869918514,-0.961349585772835,15.64
5,423840,Industrial Supplies Merchant Wholesalers,142,0.000628706865984471,-0.731231681050802,23.26
5,423850,Service Establishment Equipment and Supplies Merchant Wholesalers,148,0.000336103102992693,-0.0875057657032629,48.84
5,423860,Transportation Equipment and Supplies (except Motor Vehicle) Merchant Wholesalers,80,0.000235291102310104,0.0281388269783881,56.13
5,423910,Sporting and Recreational Goods and Supplies Merchant Wholesalers,109,0.000373980742716554,0.256247097081615,65.01
5,423920,Toy and Hobby Goods and Supplies Merchant Wholesalers,61,0.000144443278547149,0.732890416050644,78.54
5,423930,Recyclable Material Merchant Wholesalers,254,0.000628741284557596,-1.28774864891985,8.46
5,423940,"Jewelry, Watch, Precious Stone, and Precious Metal Merchant Wholesalers",36,0.000216641972105307,0.738752619827375,78.86
5,423990,Other Miscellaneous Durable Goods Merchant Wholesalers,113,0.00055520026664757,-0.276699718340637,40.8
5,424110,Printing and Writing Paper Merchant Wholesalers,59,6.73686204629752e-05,1.26309283491277,88.79
5,424120,Stationery and Office Supplies Merchant Wholesalers,78,0.000227816535513164,-0.0444360883925123,51.59
5,424130,Industrial and Personal Service Paper Merchant Wholesalers,85,0.000373688184844993,0.383674328103006,69.45
5,424210,Drugs and Druggists' Sundries Merchant Wholesalers,45,0.00149846994527745,1.46299118489902,91.65
5,424310,"Piece Goods, Notions, and Other Dry Goods Merchant Wholesalers",43,0.000133389180145229,0.764660882205469,79.39
5,424340,Footwear Merchant Wholesalers,45,0.000133050730842834,1.20262286117501,87.63
5,424350,Clothing and Clothing Accessories Merchant Wholesalers,43,0.000572874203947163,0.91145850120516,82.35
5,424410,General Line Grocery Merchant Wholesalers,125,0.00149958281247515,0.294462306223991,65.96
5,424420,Packaged Frozen Food Merchant Wholesalers,91,0.00021173732543502,0.252846146049388,64.59
5,424430,Dairy Product (except Dried or Canned) Merchant Wholesalers,124,0.000202794232851422,-0.659697689473386,25.9
5,424440,Poultry and Poultry Product Merchant Wholesalers,77,7.23191585640948e-05,0.114923983860507,60.25
5,424450,Confectionery Merchant Wholesalers,232,0.000387071273361693,-1.14643073263102,10.25
5,424460,Fish and Seafood Merchant Wholesalers,71,0.000168777209746395,1.51690775791097,92.07
5,424470,Meat and Meat Product Merchant Wholesalers,97,0.000282599431070165,-0.275918517623514,40.91
5,424480,Fresh Fruit and Vegetable Merchant Wholesalers,75,0.000575054046911735,0.780791825441292,79.49
5,424490,Other Grocery and Related Products Merchant Wholesalers,208,0.00146346625640951,-0.561442182569445,30.44
5,424510,Grain and Field Bean Merchant Wholesalers,231,0.000237419317414988,-2.36851595085621,0.11
5,424520,Livestock Merchant Wholesalers,274,9.33718524587745e-05,-1.95366739915783,1.48
5,424590,Other Farm Product Raw Material Merchant Wholesalers,133,9.97278156291574e-05,-0.871329100718216,18.18
5,424610,Plastics Materials and Basic Forms and Shapes Merchant Wholesalers,81,0.000180852392484351,0.0263209823443429,56.03
5,424690,Other Chemical and Allied Products Merchant Wholesalers,144,0.000709670822831749,-1.12511531156405,10.99
5,424710,Petroleum Bulk Stations and Terminals,306,0.000201595319220908,-1.66948437970029,3.81
5,424720,Petroleum and Petroleum Products Merchant Wholesalers (except Bulk Stations and Terminals),272,0.000392939640079474,-1.67775976997527,3.59
5,424810,Beer and Ale Merchant Wholesalers,251,0.00066450218203428,-0.569925267938035,30.02
5,424820,Wine and Distilled Alcoholic Beverage Merchant Wholesalers,82,0.000581656676522846,1.44095317516939,90.91
5,424910,Farm Supplies Merchant Wholesalers,324,0.00070786958417155,-1.98179063348971,1.37
5,424920,"Book, Periodical, and Newspaper Merchant Wholesalers",69,0.000158663885676552,0.359072548918417,68.6
5,424930,"Flower, Nursery Stock, and Florists' Supplies Merchant Wholesalers",98,0.000290395237882936,0.0339240618033984,56.87
5,424940,Tobacco Product and Electronic Cigarette Merchant Wholesalers,108,0.000144758782134126,-0.18210733584453,45.14
5,424950,"Paint, Varnish, and Supplies Merchant Wholesalers",86,0.000137387471056561,0.355342445834321,68.5
5,424990,Other Miscellaneous Nondurable Goods Merchant Wholesalers,87,0.000523753163669195,0.481319526337912,73.15
5,425120,Wholesale Trade Agents and Brokers,40,0.00286224280463093,0.646038267456846,76.43
5,441110,New Car Dealers,307,0.00640986265589635,-0.79810412276646,20.4
5,441120,Used Car Dealers,273,0.00119158821086773,-0.963015860497823,15.43
5,441210,Recreational Vehicle Dealers,251,0.000318377537833412,-0.853724312110972,18.6
5,441222,Boat Dealers,215,0.000238956680347897,-0.643498084883128,26.32
5,441227,"Motorcycle, ATV, and All Other Motor Vehicle Dealers",343,0.000479353204338181,-1.24404252292601,9.09
5,441330,Automotive Parts and Accessories Retailers,439,0.00235412140958926,-1.41557134531903,6.45
5,441340,Tire Dealers,393,0.00113732733033645,-1.29352869830299,8.35
5,444110,Home Centers,369,0.00422108233516985,-0.872901462673326,18.08
5,444120,Paint and Wallpaper Retailers,214,0.000255076045428019,-0.41291525023921,36.47
5,444140,Hardware Retailers,453,0.00105155624610941,-1.42332435815694,6.34
5,444180,Other Building Material Dealers,309,0.00154545703402168,-0.929978378163949,16.07
5,444230,Outdoor Power Equipment Retailers,276,0.000195744161789689,-0.78895938323482,20.61
5,444240,"Nursery, Garden Center, and Farm Supply Retailers",433,0.000967511826967461,-1.41467943368794,6.55
5,445110,Supermarkets and Other Grocery (except Convenience) Stores,308,0.0151860481055547,-0.762043708096013,21.88
5,445131,Convenience Retailers,185,0.00102751487278173,-0.337378139937507,38.48
5,445132,Vending Machine Operators,179,0.000236966139535511,-0.726438507068388,23.36
5,445230,Fruit and Vegetable Retailers,114,0.000227065063333272,0.262731292780685,65.22
5,445240,Meat Retailers,223,0.00037417004486874,-1.38394114503471,7.29
5,445250,Fish and Seafood Retailers,103,8.79394543339076e-05,0.840637187315099,80.44
5,445291,Baked Goods Retailers,126,0.000141259560533103,0.0909459234508694,59.41
5,445292,Confectionery and Nut Retailers,136,0.000137444835345103,0.22966835781986,63.95
5,445298,All Other Specialty Food Retailers,188,0.000549928488530619,-0.0624357346833914,50.53
5,445320,"Beer, Wine, and Liquor Retailers",287,0.0010573615121098,-1.13839957448704,10.78
5,449110,Furniture Retailers,253,0.00119173162158908,-0.843329554085355,18.92
5,449121,Floor Covering Retailers,264,0.000430094489767714,-0.87087598039606,18.29
5,449122,Window Treatment Retailers,106,8.50024027605899e-05,0.837101435914453,80.34
5,449129,All Other Home Furnishings Retailers,125,0.000795040357039003,1.13971151980499,86.68
5,449210,Electronics and Appliance Retailers,113,0.00234788591142481,-0.0234489722125209,53.17
5,455110,Department Stores,140,0.00586415617900237,0.263436798459963,65.33
5,455211,Warehouse Clubs and Supercenters,415,0.00964491023532873,-1.1772603937384,9.83
5,455219,All Other General Merchandise Retailers,448,0.00358593919601104,-1.5447674517505,5.18
5,456110,Pharmacies and Drug Retailers,257,0.00410267097076278,-1.18305367834943,9.73
5,456120,"Cosmetics, Beauty Supplies, and Perfume Retailers",110,0.00120528106654255,0.479486674993345,73.04
5,456130,Optical Goods Retailers,106,0.00041604023907508,0.902377696193106,82.14
5,456191,Food (Health) Supplement Retailers,155,0.000313851495467498,-0.31127052333661,39.85
5,456199,All Other Health and Personal Care Retailers,163,0.000455151211002581,-0.65276694371336,26
5,457110,Gasoline Stations with Convenience Stores,495,0.00517631246796061,-1.55220028903391,5.07
5,457120,Other Gasoline Stations,305,0.000550112054253951,-1.60646961799806,4.23
5,457210,Fuel Dealers,293,0.000429939606188652,-1.28610140865477,8.56
5,458110,Clothing and Clothing Accessories Retailers,111,0.00509818804339613,1.13693187136419,86.58
5,458210,Shoe Retailers,101,0.00101150449984983,1.01331841870783,83.93
5,458310,Jewelry Retailers,126,0.000800484228021579,0.545912812613557,74.63
5,458320,Luggage and Leather Goods Retailers,91,7.10284620719141e-05,0.42635138645174,71.14
5,459110,Sporting Goods Retailers,267,0.00177054876582913,-0.422042585986321,36.26
5,459120,"Hobby, Toy, and Game Retailers",232,0.00083005551876465,-0.303737665744032,40.17
5,459130,"Sewing, Needlework, and Piece Goods Retailers",291,0.000236197458069057,-0.861872861056149,18.39
5,459140,Musical Instrument and Supplies Retailers,154,0.000222034215228195,-0.203430326028732,44.19
5,459210,Book Retailers and News Dealers,180,0.000430008443334902,-0.0212958386243279,53.49
5,459310,Florists,324,0.00043802223444413,-1.30699546138053,8.03
5,459410,Office Supplies and Stationery Retailers,198,0.000395922583083625,-0.625529321119197,27.27
5,459420,"Gift, Novelty, and Souvenir Retailers",221,0.000850431314054542,-0.39637929092803,36.79
5,459510,Used Merchandise Retailers,254,0.00147418190550904,-0.466220013860652,34.04
5,459910,Pet and Pet Supplies Retailers,146,0.000809134762733616,0.715872004698864,78.22
5,459920,Art Dealers,150,0.000136102510993235,-0.0877608878522898,48.73
5,459930,Manufactured (Mobile) Home Dealers,264,8.05796161140509e-05,-1.17222448863231,9.94
5,459991,"Tobacco, Electronic Cigarette, and Other Smoking Supplies Retailers",293,0.000956136488549709,-1.01037795318445,13.64
5,459999,All Other Miscellaneous Retailers,180,0.0012889755635244,-0.721546534371642,23.78
5,481111,Scheduled Passenger Air Transportation,44,0.00287798930183554,2.65759780514932,98.73
5,481112,Scheduled Freight Air Transportation,33,8.11647318571728e-05,1.3336779680329,89.53
5,481211,Nonscheduled Chartered Passenger Air Transportation,80,0.000260778055709031,-0.150390373179036,46.51
5,481212,Nonscheduled Chartered Freight Air Transportation,39,6.50511032059042e-05,0.752653179528479,79.18
5,481219,Other Nonscheduled Air Transportation,80,4.81630566593273e-05,0.487376557069837,73.26
5,482110,Rail transportation,294,0.00122748678263691,-1.67581402018311,3.7
5,483111,Deep Sea Freight Transportation,24,5.96818057984328e-05,2.12274240905615,96.83
5,483112,Deep Sea Passenger Transportation,13,9.1283792355869e-05,1.64433147937158,93.76
5,483113,Coastal and Great Lakes Freight Transportation,43,5.52934377250186e-05,0.923206605737101,82.56
5,483114,Coastal and Great Lakes Passenger Transportation,41,3.56174867553315e-05,1.23197429707506,88.37
5,483211,Inland Water Freight Transportation,58,0.000134370109479286,-0.27202720119465,41.23
5,483212,Inland Water Passenger Transportation,55,2.64392005887136e-05,1.05355791934386,84.78
5,484110,"General Freight Trucking, Local",261,0.00218177614109559,-1.59854320826918,4.44
5,484121,"General Freight Trucking, Long-Distance, Truckload",268,0.00382480982992613,-1.56736136881288,4.76
5,484122,"General Freight Trucking, Long-Distance, Less Than Truckload",159,0.00159080350411363,-0.464753225005271,34.25
5,484210,Used Household and Office Goods Moving,142,0.000571044283142694,0.658078188790168,76.74
5,484220,"Specialized Freight (except Used Goods) Trucking, Local",388,0.0013937629094029,-1.73987432034118,2.75
5,484230,"Specialized Freight (except Used Goods) Trucking, Long-Distance",273,0.000800598956598661,-1.73784761968629,2.96
5,485111,Mixed Mode Transit Systems,29,3.45505109884622e-05,1.63045018349552,93.34
5,485112,Commuter Rail Systems,11,5.88557600434372e-06,3.13681829785189,99.58
5,485113,Bus and Other Motor Vehicle Transit Systems,101,0.000223382276008917,0.471393892853916,72.52
5,485119,Other Urban Transit Systems,23,7.82448895704174e-06,1.63529097557331,93.55
5,485210,Interurban and Rural Bus Transportation,92,9.21213109685728e-05,-0.247811507315439,42.49
5,485310,Taxi and Ridesharing Services,53,0.000724241352121255,1.59668763420859,93.02
5,485320,Limousine Service,44,0.001010357214079,3.43992268227438,100
5,485410,School and Employee Bus Transportation,137,0.00116549319601026,-0.477225144398748,33.62
5,485510,Charter Bus Industry,128,0.000135603441682925,-0.0593764610973248,50.74
5,485991,Special Needs Transportation,148,0.000454015398089462,-0.326967885158862,38.9
5,485999,All Other Transit and Ground Passenger Transportation,126,0.000243574505575476,0.0496569044345582,58.14
5,486110,Pipeline Transportation of Crude Oil,79,7.20151278348255e-05,-1.91466473477615,1.59
5,486210,Pipeline Transportation of Natural Gas,174,0.000203964464337666,-2.11611063502354,0.74
5,486910,Pipeline Transportation of Refined Petroleum Products,114,3.48315960023149e-05,-0.778071075253836,21.14
5,486990,All Other Pipeline Transportation,26,7.18200892537849e-06,-0.642585578023662,26.43
5,487110,"Scenic and Sightseeing Transportation, Land",105,6.77931161981813e-05,0.584858371530246,75.37
5,487210,"Scenic and Sightseeing Transportation, Water",110,0.000119266092306345,0.819329647992714,80.02
5,487990,"Scenic and Sightseeing Transportation, Other",61,1.80353323174041e-05,1.03951107217053,84.67
5,488111,Air Traffic Control,84,1.37215378190937e-05,-0.0518463261208369,51.16
5,488119,Other Airport Operations,64,0.000738295602813888,1.28221964281048,88.9
5,488190,Other Support Activities for Air Transportation,114,0.00084881937754653,-0.119721190229402,47.99
5,488210,Support Activities for Rail Transportation,144,0.000229009712714824,-1.47222080136831,5.71
5,488310,Port and Harbor Operations,51,5.96588600830162e-05,0.0353526062523964,57.08
5,488320,Marine Cargo Handling,56,0.000363936255792961,0.55941248022481,74.95
5,488330,Navigational Services to Shipping,69,0.000106422228101934,0.0298388791402062,56.45
5,488390,Other Support Activities for Water Transportation,58,5.41863069561703e-05,0.623860664268652,76
5,488410,Motor Vehicle Towing,233,0.000507008527843972,-0.757977838196647,22.09
5,488490,Other Support Activities for Road Transportation,120,0.000259407049212892,0.0187422206548358,55.6
5,488510,Freight Transportation Arrangement,74,0.00169168434194247,0.377647914819864,69.13
5,488991,Packing and Crating,89,0.00013268359939617,0.35318880673228,68.39
5,488999,All Other Support Activities for Transportation,93,9.81158791211451e-05,0.202296182802253,63.21
5,491110,Postal Service,153,7.47571408271026e-05,-0.737039973602747,22.94
5,492110,Couriers and Express Delivery Services,93,0.00576004573172865,0.347829388536746,68.18
5,492210,Local Messengers and Local Delivery,79,0.00139301717365187,1.37381742231075,89.85
5,493110,General Warehousing and Storage,113,0.0101309807978551,-0.0425866719951057,51.8
5,493120,Refrigerated Warehousing and Storage,117,0.000425327517389927,-0.639889201120175,26.53
5,493130,Farm Product Warehousing and Storage,179,6.14887808874857e-05,-1.84880948943638,2.01
5,493190,Other Warehousing and Storage,117,0.000320109939347361,-0.338460400856926,38.37
5,512110,Motion Picture and Video Production,16,0.00160001047242452,2.80039381443724,99.05
5,512120,Motion Picture and Video Distribution,12,5.19490997030572e-05,1.82408893009497,95.67
5,512131,Motion Picture Theaters (except Drive-Ins),222,0.000687694563891553,-0.849898364122401,18.82
5,512132,Drive-In Motion Picture Theaters,126,1.44328549970066e-05,-0.0331405173503293,52.22
5,512191,Teleproduction and Other Postproduction Services,21,0.000151958000346067,2.52193843896688,98.41
5,512199,Other Motion Picture and Video Industries,37,2.55844726894473e-05,2.05846876731839,96.62
5,512230,Music Publishers,31,5.62112663416804e-05,1.44621116596004,91.23
5,512240,Sound Recording Studios,67,9.00561965810838e-05,1.05848775704784,84.99
5,512250,Record Production and Distribution,26,6.62844354095435e-05,1.61233204022601,93.23
5,512290,Other Sound Recording Industries,55,2.80396642390176e-05,1.80788359952651,95.45
5,513110,Newspaper Publishers,331,0.00053574229997434,-1.40389172603106,6.87
5,513120,Periodical Publishers,66,0.000396662582405808,0.650343287879942,76.53
5,513130,Book Publishers,60,0.000321297380120167,0.979957866388825,83.83
5,513140,Directory and Mailing List Publishers,57,9.17943345238871e-05,0.641124393701347,76.32
5,513191,Greeting Card Publishers,19,1.54252571887722e-05,1.92934978641901,96.41
5,513199,All Other Publishers,48,0.000252919148178864,1.44380732813562,91.12
5,513210,Software Publishers,29,0.00366496997633448,2.41385857842609,97.78
5,516110,Radio Broadcasting Stations,346,0.000320763892236733,-1.38987842498672,7.08
5,516120,Television Broadcasting Stations,143,0.000400913276186723,0.0630040230040262,58.35
5,516210,"Media Streaming Distribution Services, Social Networks, and Other Media Networks and Content Providers",35,0.00137900307796121,1.46009829295077,91.44
5,517111,Wired Telecommunications Carriers,191,0.00266014267967086,-1.29424602372182,8.25
5,517112,Wireless Telecommunications Carriers (except Satellite),141,0.000500646828244735,-0.84198638803451,19.03
5,517121,Telecommunications Resellers,101,0.000229101495576491,-0.448787387493881,34.88
5,517410,Satellite Telecommunications,53,5.28726647485731e-05,0.512782162518416,73.57
5,517810,All Other Telecommunications,62,0.000280322068815072,-0.238359570067231,42.81
5,518210,"Computing Infrastructure Providers, Data Processing, Web Hosting, and Related Services",37,0.00286887411638631,1.97467029874333,96.51
5,519210,Libraries and Archives,71,0.00016488791098329,-0.0817234689757087,48.94
5,519290,Web Search Portals and All Other Information Services,17,0.000933534958864413,2.4350994498703,97.99
5,521110,Monetary Authorities-Central Bank,31,0.000122897251771013,1.80035331301337,95.35
5,522110,Commercial Banking,283,0.00793905691411655,-2.04462652981189,0.95
5,522130,Credit Unions,235,0.00178766626952987,-0.647954155135731,26.22
5,522180,Savings Institutions and Other Depository Credit Intermediation,166,0.000554695460908406,-0.839522557016458,19.13
5,522210,Credit Card Issuing,25,0.000378971435819652,2.2291607630751,97.36
5,522220,Sales Financing,53,0.000490808852759891,0.397566529466194,70.19
5,522291,Consumer Lending,178,0.000531164629748739,-1.14571320702415,10.36
5,522292,Real Estate Credit,79,0.00105870957289052,0.595413819753767,75.69
5,522299,"International, Secondary Market, and All Other Nondepository Credit Intermediation",141,0.000520139213491089,-1.13225199000311,10.89
5,522310,Mortgage and Nonmortgage Loan Brokers,49,0.00050273488834764,1.91529849090369,96.3
5,522320,"Financial Transactions Processing, Reserve, and Clearinghouse Activities",51,0.00074847776402998,1.65501596857024,93.97
5,522390,Other Activities Related to Credit Intermediation,55,0.000433937897099985,0.0363871422878753,57.29
5,523150,Investment Banking and Securities Intermediation,32,0.00263861959861014,3.18479547553572,99.89
5,523160,Commodity Contracts Intermediation,74,0.000160155357178628,-1.41453061571296,6.66
5,523210,Securities and Commodity Exchanges,50,5.35897183553402e-05,-0.5762879577487,29.7
5,523910,Miscellaneous Intermediation,66,0.000264609990183594,-0.372915825731219,37.1
5,523940,Portfolio Management and Investment Advice,30,0.00338224434382952,3.17832222103788,99.79
5,523991,"Trust, Fiduciary, and Custody Activities",85,0.000145820021472142,0.670218355445928,77.17
5,523999,Miscellaneous Financial Investment Activities,47,0.000229067077003366,1.06328405135258,85.2
5,524113,Direct Life Insurance Carriers,50,0.0013343277700452,0.762461112558548,79.28
5,524114,Direct Health and Medical Insurance Carriers,60,0.00283333120320609,0.708970650274089,78.12
5,524126,Direct Property and Casualty Insurance Carriers,81,0.00286626404125768,0.396531381565282,69.98
5,524127,Direct Title Insurance Carriers,129,0.000364205867949106,-0.213643336952142,43.66
5,524128,"Other Direct Insurance (except Life, Health, and Medical) Carriers",59,0.00012899507564296,1.09616352998874,86.05
5,524130,Reinsurance Carriers,34,0.00019789532260999,1.22405685610956,88.16
5,524210,Insurance Agencies and Brokerages,127,0.00792449785768475,-0.614968918708356,27.91
5,524291,Claims Adjusting,74,0.000437752622287986,0.000435980934299451,54.23
5,524292,Pharmacy Benefit Management and Other Third Party Administration of Insurance and Pension Funds,64,0.00136323363504119,0.942246201597023,83.09
5,524298,All Other Insurance Related Activities,59,0.00064444762676022,0.845814614366534,80.66
5,525110,Pension Funds,62,2.93819885908855e-05,0.59693129771875,75.79
5,525120,Health and Welfare Funds,52,3.03973364980676e-05,1.21436292652239,87.95
5,525190,Other Insurance Funds,51,1.43582814219028e-05,0.636873136250526,76.11
5,525910,Open-End Investment Funds,41,2.26761032604003e-05,1.58552461082581,92.71
5,525920,"Trusts, Estates, and Agency Accounts",100,2.5360751964136e-05,-0.206477556895391,43.97
5,525990,Other Financial Vehicles,49,6.75521861863076e-05,1.63707660353315,93.66
5,531110,Lessors of Residential Buildings and Dwellings,129,0.00304248713565674,0.234318928305292,64.06
5,531120,Lessors of Nonresidential Buildings (except Miniwarehouses),85,0.00140633142502232,1.10622381051148,86.26
5,531130,Lessors of Miniwarehouses and Self-Storage Units,205,0.000640833676582115,0.137948624672564,61.31
5,531190,Lessors of Other Real Estate Property,231,0.000386440266187738,-0.873700115017245,17.97
5,531210,Offices of Real Estate Agents and Brokers,114,0.00319641273109978,1.20997939133383,87.84
5,531311,Residential Property Managers,108,0.00330775107872971,1.31702544369659,89.32
5,531312,Nonresidential Property Managers,74,0.00106095251657249,1.8997686727913,95.98
5,531320,Offices of Real Estate Appraisers,201,0.000180944175346017,-0.371632733040991,37.21
5,531390,Other Activities Related to Real Estate,83,0.000736402581292023,1.74500928293731,94.93
5,532111,Passenger Car Rental,103,0.000636800967097657,1.3012693127005,89.22
5,532112,Passenger Car Leasing,35,6.87453633879679e-05,1.39436975684127,90.38
5,532120,"Truck, Utility Trailer, and RV (Recreational Vehicle) Rental and Leasing",127,0.000548884458479166,0.305129145714098,66.38
5,532210,Consumer Electronics and Appliances Rental,186,5.42436712447117e-05,-1.10849534188295,11.42
5,532281,Formal Wear and Costume Rental,87,3.06497393676496e-05,0.0227312699917623,55.92
5,532282,Video Tape and Disc Rental,94,1.64348686671001e-05,-0.0604437470639908,50.63
5,532283,Home Health Equipment Rental,272,0.000190340445809092,-0.962754868045798,15.54
5,532284,Recreational Goods Rental,156,0.000122008105298622,-0.152825616400714,46.3
5,532289,All Other Consumer Goods Rental,193,0.000369993924662929,-0.574793168170835,29.92
5,532310,General Rental Centers,213,0.000183628824049753,-0.770920041049171,21.56
5,532411,"Commercial Air, Rail, and Water Transportation Equipment Rental and Leasing",78,3.08562508063985e-05,0.150513948195858,61.63
5,532412,"Construction, Mining, and Forestry Machinery and Equipment Rental and Leasing",153,0.000569524129496348,-0.939573435741037,15.86
5,532420,Office Machinery and Equipment Rental and Leasing,74,6.34162209824754e-05,0.925449118281434,82.77
5,532490,Other Commercial and Industrial Machinery and Equipment Rental and Leasing,95,0.000489466528408023,0.0183101196451528,55.5
5,533110,Lessors of Nonfinancial Intangible Assets (except Copyrighted Works),61,0.000128742672773378,0.907539429583925,82.24
5,541110,Offices of Lawyers,49,0.00738099416947077,2.4766237261828,98.2
5,541191,Title Abstract and Settlement Offices,268,0.000372500744072187,-1.08273533678522,11.95
5,541199,All Other Legal Services,63,0.000263112782252664,1.40936736999674,90.7
5,541211,Offices of Certified Public Accountants,72,0.00318940855146888,0.10447968041064,60.04
5,541213,Tax Preparation Services,186,0.00083431194897442,-0.894624978031669,17.44
5,541214,Payroll Services,54,0.0013412688489587,0.852335993936468,80.97
5,541219,Other Accounting Services,177,0.00232420593311494,-0.317718174045837,39.32
5,541310,Architectural Services,69,0.00128539029549056,2.48480234190906,98.31
5,541320,Landscape Architectural Services,144,0.000300393833375695,0.472829430169248,72.73
5,541330,Engineering Services,93,0.00693311675025523,1.16926996184742,87.1
5,541340,Drafting Services,200,9.98654899216567e-05,-0.157776272206098,46.19
5,541350,Building Inspection Services,133,0.000211513604709709,0.477326142209695,72.83
5,541360,Geophysical Surveying and Mapping Services,150,8.75321678852639e-05,-1.35777682266824,7.4
5,541370,Surveying and Mapping (except Geophysical) Services,227,0.000344977358430041,-0.741428898497741,22.73
5,541380,Testing Laboratories and Services,107,0.00102577099841007,-0.469762607447326,33.93
5,541410,Interior Design Services,87,0.000657824978848066,1.66952342796578,94.19
5,541420,Industrial Design Services,54,0.000150305908836076,0.834706908512749,80.23
5,541430,Graphic Design Services,104,0.000731452043190904,1.35291519302403,89.75
5,541490,Other Specialized Design Services,51,0.000179418285270817,1.87512307675279,95.88
5,541511,Custom Computer Programming Services,36,0.00665175065138871,2.53790883349423,98.52
5,541512,Computer Systems Design Services,29,0.0069199000181753,2.87286663722256,99.26
5,541513,Computer Facilities Management Services,69,0.000492237223544571,0.844479690762761,80.55
5,541519,Other Computer Related Services,58,0.000853311001339318,1.76652295181023,95.14
5,541611,Administrative Management and General Management Consulting Services,39,0.00576213952826041,2.87442034548427,99.37
5,541612,Human Resources Consulting Services,53,0.000620916795600554,1.40063153128788,90.49
5,541613,Marketing Consulting Services,51,0.00229472068880468,2.68216598723542,98.84
5,541614,"Process, Physical Distribution, and Logistics Consulting Services",80,0.00102655688916309,0.869481743728087,81.18
5,541618,Other Management Consulting Services,45,0.0008567528586518,1.52385736138442,92.18
5,541620,Environmental Consulting Services,123,0.000693614558469022,0.499478954456985,73.36
5,541690,Other Scientific and Technical Consulting Services,105,0.00153392107559601,-0.481355637618829,33.3
5,541713,Research and Development in Nanotechnology,43,0.000140221266910505,1.77209441887815,95.24
5,541714,Research and Development in Biotechnology (except Nanobiotechnology),25,0.00166776917004957,2.12015260358824,96.72
5,541715,"Research and Development in the Physical, Engineering, and Life Sciences (except Nanotechnology and Biotechnology)",53,0.00319809350475404,1.69057223098851,94.5
5,541720,Research and Development in the Social Sciences and Humanities,47,0.000404309242068372,0.609219101200743,75.9
5,541810,Advertising Agencies,31,0.00138276043886067,3.01106685849831,99.47
5,541820,Public Relations Agencies,33,0.00046827042379199,2.59671657304841,98.63
5,541830,Media Buying Agencies,13,0.000112365168394819,3.16587083835612,99.68
5,541840,Media Representatives,49,0.000119931518053425,1.42996638040323,90.8
5,541850,Indoor and Outdoor Display Advertising,83,0.000201142141341431,0.0490117424937822,58.03
5,541860,Direct Mail Advertising,55,0.000209322288887429,1.70005821268817,94.61
5,541870,Advertising Material Distribution Services,65,0.000109760829695042,1.34512085330311,89.64
5,541890,Other Services Related to Advertising,55,0.000612432617325286,1.07717273871241,85.52
5,541910,Marketing Research and Public Opinion Polling,41,0.000436186577210806,1.63190974905595,93.45
5,541921,"Photography Studios, Portrait",163,0.000333487291435207,0.0874104973580449,59.3
5,541922,Commercial Photography,109,0.000114149197768456,1.15304986323884,86.79
5,541930,Translation and Interpretation Services,45,0.000268137893928887,1.38689568710013,90.17
5,541940,Veterinary Services,314,0.00279451278915015,-0.852753869184146,18.71
5,541990,"All Other Professional, Scientific, and Technical Services",96,0.00201560327004897,0.513987983840409,73.68
5,551111,Offices of Bank Holding Companies,107,4.88915831238026e-05,-0.827593449772609,19.56
5,551112,Offices of Other Holding Companies,105,0.000510192245858017,0.243713343635387,64.38
5,551114,"Corporate, Subsidiary, and Regional Managing Offices",65,0.0144347537549573,1.07838338150012,85.62
5,561110,Office Administrative Services,82,0.0037421134715649,0.29093548314667,65.86
5,561210,Facilities Support Services,146,0.00103273502303899,-0.445858798004722,35.31
5,561311,Employment Placement Agencies,59,0.00146090780914057,0.522861128947704,74
5,561312,Executive Search Services,56,0.000250813878789396,1.4841037508795,91.97
5,561320,Temporary Help Services,93,0.0150462914893814,0.384797861443638,69.56
5,561330,Professional Employer Organizations,79,0.00244535931051429,-0.0176796811285742,53.7
5,561410,Document Preparation Services,101,0.000371841054753961,-0.0724562901517736,49.68
5,561421,Telephone Answering Services,99,0.000217754839303009,-0.027297359231032,52.75
5,561422,Telemarketing Bureaus and Other Contact Centers,123,0.00188116432342344,-0.255084010253424,42.18
5,561431,Private Mail Centers,134,0.000221351580194553,0.640680753505512,76.22
5,561439,Other Business Service Centers (including Copy Shops),71,0.000254513875400314,1.1831770035882,87.42
5,561440,Collection Agencies,103,0.00052026541492588,0.104661600892819,60.15
5,561450,Credit Bureaus,30,0.000129075385646918,1.82624899077439,95.77
5,561491,Repossession Services,116,5.69799478081346e-05,0.124913485796879,60.89
5,561492,Court Reporting and Stenotype Services,131,0.000130773368587742,0.00201673328170822,54.44
5,561499,All Other Business Support Services,65,0.000594804571456526,1.05791598872234,84.88
5,561510,Travel Agencies,57,0.000588941941167599,1.59904318963754,93.13
5,561520,Tour Operators,99,0.00016176729368664,1.10049594931436,86.15
5,561591,Convention and Visitors Bureaus,187,6.08749830000931e-05,-0.323217480411258,39.22
5,561599,All Other Travel Arrangement and Reservation Services,60,0.000463589497847015,1.39250950881675,90.27
5,561611,Investigation and Personal Background Check Services,76,0.000276329514332594,0.823471978546865,80.13
5,561612,Security Guards and Patrol Services,64,0.00472917504806726,1.47118944032082,91.86
5,561613,Armored Car Services,105,0.000151912108915234,0.934436964042567,82.98
5,561621,Security Systems Services (except Locksmiths),83,0.000862850682523747,0.92212634671353,82.45
5,561622,Locksmiths,142,0.000137857858222601,0.394725612710325,69.87
5,561710,Exterminating and Pest Control Services,176,0.000907439944006947,-0.267533217722253,41.44
5,561720,Janitorial Services,161,0.00822712889831356,0.318956405988158,66.81
5,561730,Landscaping Services,205,0.00737144875185749,0.0198203942997822,55.71
5,561740,Carpet and Upholstery Cleaning Services,199,0.000268826265391384,-0.487272839237374,33.19
5,561790,Other Services to Buildings and Dwellings,118,0.000931521472336611,0.467004710724526,72.41
5,561910,Packaging and Labeling Services,97,0.000372919503378539,-0.316034980911511,39.53
5,561920,Convention and Trade Show Organizers,54,0.000343721080510985,2.1989350505016,97.15
5,561990,All Other Support Services,106,0.00125523388900437,-0.24404807450476,42.6
5,562111,Solid Waste Collection,289,0.00112619292193058,-0.786909142789135,20.72
5,562112,Hazardous Waste Collection,74,7.7849075979482e-05,0.378199728063787,69.24
5,562119,Other Waste Collection,146,0.000110414782584413,-0.258616446309547,41.75
5,562211,Hazardous Waste Treatment and Disposal,78,0.000254037751805421,-0.160518821005259,45.88
5,562212,Solid Waste Landfill,193,0.000231212501394813,-0.910553484004054,16.49
5,562213,Solid Waste Combustors and Incinerators,47,2.7213618484022e-05,1.68955699971156,94.4
5,562219,Other Nonhazardous Waste Treatment and Disposal,127,0.000123826553245383,-0.28910765216007,40.59
5,562910,Remediation Services,123,0.00059524054004944,-0.119619439032038,48.1
5,562920,Materials Recovery Facilities,128,0.000154476292613033,-0.256125996433848,42.07
5,562991,Septic Tank and Related Services,272,0.000224437778918078,-0.884979379679001,17.55
5,562998,All Other Miscellaneous Waste Management Services,133,0.000147695833707444,-0.160718664283976,45.77
5,611110,Elementary and Secondary Schools,149,0.00751020722941018,0.18013375456443,62.68
5,611210,Junior Colleges,143,0.000184816264822559,-0.725124850158276,23.57
5,611310,"Colleges, Universities, and Professional Schools",94,0.0110694261398187,0.116860832297502,60.57
5,611410,Business and Secretarial Schools,48,2.08576553136391e-05,1.0671534839029,85.31
5,611420,Computer Training,52,0.00011624873072907,1.56017220478467,92.39
5,611430,Professional and Management Development Training,77,0.000332448997812608,1.02905793406518,84.36
5,611511,Cosmetology and Barber Schools,140,0.000110277108291914,-0.0234076156987703,53.28
5,611512,Flight Training,94,0.000161107604368415,0.3247707816263,67.12
5,611513,Apprenticeship Training,106,9.6549834043966e-05,0.464544352682386,72.2
5,611519,Other Technical and Trade Schools,112,0.000374961672050611,0.0382661429961095,57.61
5,611610,Fine Arts Schools,116,0.00100360543731769,0.6639715358201,76.96
5,611620,Sports and Recreation Instruction,126,0.00141939900995204,1.46838889807033,91.75
5,611630,Language Schools,46,0.000121818803146436,2.41860587479073,97.89
5,611691,Exam Preparation and Tutoring,46,0.000768440536442374,2.32857200087292,97.46
5,611692,Automobile Driving Schools,130,0.000151218001023884,0.184024914776172,62.79
5,611699,All Other Miscellaneous Schools and Instruction,129,0.00063269942046695,0.902366234631728,82.03
5,611710,Educational Support Services,77,0.00141557281190633,1.23876189913038,88.48
5,621111,Offices of Physicians (except Mental Health Specialists),199,0.0168147177765345,0.0468473474301372,57.93
5,621112,"Offices of Physicians, Mental Health Specialists",117,0.000565147234280642,0.574493759048363,75.05
5,621210,Offices of Dentists,179,0.00629924136187318,0.100402497405341,59.73
5,621310,Offices of Chiropractors,291,0.000963697101779461,-1.01809475837736,13.42
5,621320,Offices of Optometrists,360,0.000938296194813346,-1.46587069043861,5.81
5,621330,Offices of Mental Health Practitioners (except Physicians),116,0.00173614166556202,0.655033265454853,76.64
5,621340,"Offices of Physical, Occupational and Speech Therapists, and Audiologists",183,0.00295802395720844,-0.497159903681147,32.77
5,621391,Offices of Podiatrists,153,0.000193994550989177,0.032259764191444,56.66
5,621399,Offices of All Other Miscellaneous Health Practitioners,156,0.00120716261520671,0.0667216432077032,58.56
5,621410,Family Planning Centers,127,0.00021004507892305,-0.159762041510435,45.98
5,621420,Outpatient Mental Health and Substance Abuse Centers,234,0.00194949666393391,-0.974944835032902,14.9
5,621491,HMO Medical Centers,30,0.00129265835084875,2.22570683218251,97.25
5,621492,Kidney Dialysis Centers,204,0.000813058480069845,-0.782585834913705,21.04
5,621493,Freestanding Ambulatory Surgical and Emergency Centers,167,0.00110952285968046,-0.152227616552038,46.41
5,621498,All Other Outpatient Care Centers,168,0.0016112194544055,-0.602659513275347,28.33
5,621511,Medical Laboratories,78,0.00135157147518073,1.09274974954969,85.94
5,621512,Diagnostic Imaging Centers,82,0.000518165881965267,0.708049037416664,77.91
5,621610,Home Health Care Services,115,0.0104720172296624,-0.777125994470034,21.25
5,621910,Ambulance Services,279,0.00106706181330214,-1.23867493263247,9.3
5,621991,Blood and Organ Banks,153,0.000526363238797827,0.118623171356424,60.68
5,621999,All Other Miscellaneous Ambulatory Health Care Services,108,0.000715189267389428,-0.361533638930246,37.53
5,622110,General Medical and Surgical Hospitals,275,0.0293640220957143,-0.666485293666126,25.79
5,622210,Psychiatric and Substance Abuse Hospitals,147,0.00076710394851936,0.0281458710875588,56.24
5,622310,Specialty (except Psychiatric and Substance Abuse) Hospitals,91,0.00158822211112927,0.127670308490431,60.99
5,623110,Nursing Care Facilities (Skilled Nursing Facilities),364,0.00875019369052026,-1.55231948737539,4.97
5,623210,Residential Intellectual and Developmental Disability Facilities,213,0.00237779565147028,-1.00870049896215,13.85
5,623220,Residential Mental Health and Substance Abuse Facilities,195,0.00153082340401478,-0.500890886889893,32.56
5,623311,Continuing Care Retirement Communities,193,0.00282068237758272,-0.497591835008845,32.66
5,623312,Assisted Living Facilities for the Elderly,240,0.00292028972820594,-0.679367135604547,25.05
5,623990,Other Residential Care Facilities,190,0.000964133070372375,-0.63832404745266,26.96
5,624110,Child and Youth Services,186,0.00148372158669347,-0.269516155997599,41.33
5,624120,Services for the Elderly and Persons with Disabilities,122,0.0146439039509791,-0.721363789331337,23.89
5,624190,Other Individual and Family Services,185,0.00339551844019799,-0.306545499788848,40.06
5,624210,Community Food Services,212,0.000299785771917157,-0.697681734300834,24.42
5,624221,Temporary Shelters,208,0.000555188793789861,-0.566902154961526,30.34
5,624229,Other Community Housing Services,127,0.000291003299341474,0.102250482542853,59.83
5,624230,Emergency and Other Relief Services,111,0.000219607705822895,0.297617944808518,66.07
5,624310,Vocational Rehabilitation Services,278,0.00168342962082136,-1.10655453596943,11.63
5,624410,Child Care Services,269,0.00717658226368248,-1.15513935036079,10.15
5,711110,Theater Companies and Dinner Theaters,97,0.000486781879704288,0.966536160793901,83.62
5,711120,Dance Companies,93,0.00010648532881933,1.11535162043394,86.47
5,711130,Musical Groups and Artists,79,0.000362221063565575,0.923236644771329,82.66
5,711190,Other Performing Arts Companies,61,6.70244347317271e-05,0.437611382838797,71.35
5,711211,Sports Teams and Clubs,70,0.000702213465321372,1.81545163222272,95.56
5,711212,Racetracks,96,0.000151281101741279,-0.184386079111739,45.03
5,711219,Other Spectator Sports,77,0.000189646337917742,0.276040679944203,65.54
5,711310,"Promoters of Performing Arts, Sports, and Similar Events with Facilities",98,0.000838602797757313,1.16128281213322,87
5,711320,"Promoters of Performing Arts, Sports, and Similar Events without Facilities",80,0.000295598178853637,0.479186659867727,72.94
5,711410,"Agents and Managers for Artists, Athletes, Entertainers, and Other Public Figures",30,0.000212850192632723,0.332297685952767,67.65
5,711510,"Independent Artists, Writers, and Performers",118,0.00210092117639654,0.894617916469215,81.71
5,712110,Museums,155,0.000609271845026657,-0.1235674134363,47.67
5,712120,Historical Sites,117,9.02512351621244e-05,0.195868691676429,63
5,712130,Zoos and Botanical Gardens,101,0.000283901600420053,1.08586316762245,85.84
5,712190,Nature Parks and Other Similar Institutions,154,8.50310849048605e-05,0.040244311392305,57.72
5,713110,Amusement and Theme Parks,42,0.00121516493345823,0.580485268847227,75.16
5,713120,Amusement Arcades,151,0.00021516197346094,-0.0563033423609721,50.95
5,713210,Casinos (except Casino Hotels),76,0.000378030661487574,-0.120392566889357,47.78
5,713290,Other Gambling Industries,156,0.000413458846090719,-0.982690852820581,14.59
5,713910,Golf Courses and Country Clubs,239,0.00257585733051704,-0.612965699153527,28.01
5,713920,Skiing Facilities,102,0.00025410658895167,-0.26213000638433,41.65
5,713930,Marinas,147,0.000280505634538405,-0.147999306584618,46.62
5,713940,Fitness and Recreational Sports Centers,112,0.00414008969617831,1.58081789419162,92.6
5,713950,Bowling Centers,256,0.000406162108588258,-0.934798202207072,15.96
5,713990,All Other Amusement and Recreation Industries,187,0.00167055133804383,0.3138942106881,66.7
5,721110,Hotels (except Casino Hotels) and Motels,242,0.00900744957891285,-0.684897127205744,24.84
5,721120,Casino Hotels,51,0.00147204221754645,-0.442801350896914,35.41
5,721191,Bed-and-Breakfast Inns,196,9.07503044724343e-05,-0.314180070473643,39.75
5,721199,All Other Traveler Accommodation,191,0.000115594777839698,-0.638738320791227,26.85
5,721211,RV (Recreational Vehicle) Parks and Campgrounds,290,0.00022661762188265,-1.00655661204229,13.95
5,721214,Recreational and Vacation Camps (except Campgrounds),230,0.000235199319448437,-0.900788666921616,17.23
5,721310,"Rooming and Boarding Houses, Dormitories, and Workers' Camps",226,8.73371293042233e-05,-0.907278784607378,16.81
5,722310,Food Service Contractors,173,0.00373014728097517,-0.217161898100041,43.45
5,722320,Caterers,101,0.00134210636757141,1.18233357385646,87.32
5,722330,Mobile Food Services,234,0.000505281862758877,-0.611218885660635,28.12
5,722410,Drinking Places (Alcoholic Beverages),291,0.00246819029735376,-1.00973215662399,13.74
5,722511,Full-Service Restaurants,191,0.0310449678428419,0.521197524391443,73.89
5,722513,Limited-Service Restaurants,320,0.0268422420800052,-0.915530670412146,16.38
5,722514,"Cafeterias, Grill Buffets, and Buffets",229,0.000480070257944948,-1.02381480702821,13.21
5,722515,Snack and Nonalcoholic Beverage Bars,170,0.00552035478848743,0.336026616149909,67.86
5,811111,General Automotive Repair,435,0.00299865508278229,-1.43562534911035,6.03
5,811114,Specialized Automotive Repair,294,0.000353645102428641,-1.08004858641271,12.16
5,811121,"Automotive Body, Paint, and Interior Repair and Maintenance",337,0.00171384416660599,-1.42760115906374,6.13
5,811122,Automotive Glass Replacement Shops,271,0.000272807347016154,-0.982593935411851,14.69
5,811191,Automotive Oil Change and Lubrication Shops,295,0.000521148824969417,-1.05242985768127,12.9
5,811192,Car Washes,206,0.00130446965785942,-0.652028319304248,26.11
5,811198,All Other Automotive Repair and Maintenance,195,0.000260732164278197,-0.752200906579966,22.41
5,811210,Electronic and Precision Equipment Repair and Maintenance,116,0.000693453938461106,0.0987355423019267,59.51
5,811310,Commercial and Industrial Machinery and Equipment (except Automotive and Electronic) Repair and Maintenance,344,0.00166806172792113,-1.86589017176608,1.8
5,811411,Home and Garden Equipment Repair and Maintenance,287,5.80125050018791e-05,-1.12332262357493,11.1
5,811412,Appliance Repair and Maintenance,206,0.000200958575618099,-0.602466919244674,28.44
5,811420,Reupholstery and Furniture Repair,198,0.000119541440891344,-0.696010980340608,24.52
5,811430,Footwear and Leather Goods Repair,138,1.75419994359484e-05,-1.05971280427588,12.68
5,811490,Other Personal and Household Goods Repair and Maintenance,252,0.000491806991380511,-0.629025485739368,27.06
5,812111,Barber Shops,156,0.000563150957039403,0.114956684814947,60.36
5,812112,Beauty Salons,193,0.00452098857209295,-0.177200735161395,45.35
5,812113,Nail Salons,84,0.00154511284829043,1.29561214381327,89.11
5,812191,Diet and Weight Reducing Centers,157,0.000117155086488023,-0.224926023929145,43.02
5,812199,Other Personal Care Services,130,0.00154664447479449,0.883720878679231,81.61
5,812210,Funeral Homes and Funeral Services,418,0.000651055992800185,-1.50970062893378,5.6
5,812220,Cemeteries and Crematories,188,0.000195027108182922,-0.723372628015839,23.68
5,812310,Coin-Operated Laundries and Drycleaners,185,0.000259498832074558,-0.510910191804109,31.71
5,812320,Drycleaning and Laundry Services (except Coin-Operated),144,0.000577629703467242,-0.14217464385017,46.83
5,812331,Linen Supply,156,0.000387748171966481,0.177405666882916,62.47
5,812332,Industrial Launderers,167,0.000394752351597381,-0.224294851683374,43.13
5,812910,Pet Care (except Veterinary) Services,203,0.00131176065893303,0.424096766415196,70.93
5,812921,Photofinishing Laboratories (except One-Hour),56,3.44644645556501e-05,0.465009319560559,72.3
5,812922,One-Hour Photofinishing,64,3.84340733227124e-06,0.927907593516574,82.88
5,812990,All Other Personal Services,145,0.00130220376846204,0.588708821267155,75.48
5,813110,Religious Organizations,358,0.0089813029361957,-1.32046191675719,7.93
5,813211,Grantmaking Foundations,84,0.000461937406337024,0.730875543918061,78.33
5,813212,Voluntary Health Organizations,52,0.000233151414347511,1.57252749451938,92.49
5,813219,Other Grantmaking and Giving Services,93,0.000264977121630258,0.696263754541043,77.48
5,813311,Human Rights Organizations,99,0.000338288682386119,-0.0739579240408835,49.47
5,813312,"Environment, Conservation and Wildlife Organizations",180,0.000472641582578842,-0.106943531956783,48.41
5,813319,Other Social Advocacy Organizations,160,0.000750410940553824,-0.350344462441922,38.05
5,813410,Civic and Social Organizations,234,0.00209221901382482,-0.673086058763749,25.58
5,813910,Business Associations,163,0.000687430688164263,-0.7332268543583,23.15
5,813920,Professional Organizations,49,0.000519152547728178,1.67718063862907,94.29
5,813930,Labor Unions and Similar Labor Organizations,142,0.000615908893210893,-0.0556532726331867,51.06
5,813940,Political Organizations,55,8.93563522608792e-05,1.02676101720173,84.25
5,813990,"Other Similar Organizations (except Business, Professional, Labor, and Political Organizations)",109,0.000628070122381662,0.659196131835638,76.85
5,814110,Private Households,133,0.00875143849558161,0.158170607517372,61.95
5,901149,US Postal Service,390,0.00347454922052143,-1.3879800461547,7.19
5,901199,"Federal Government, Civilian, Excluding Postal Service",173,0.0144898521541013,-0.827893239636574,19.45
5,901200,"Federal Government, Military",114,0.0106265853051371,-0.439578929190437,35.62
5,902611,Elementary and Secondary Schools (State Government),61,0.000365508037298995,-0.294259261776748,40.49
5,902612,"Colleges, Universities, and Professional Schools (State Government)",203,0.0154090001493996,-0.739399978017492,22.83
5,902619,All Other Schools and Educational Support Services (State Government),84,8.73486021619315e-05,-0.726297728187221,23.47
5,902622,Hospitals (State Government),87,0.00255276246795029,-0.0741632770453325,49.37
5,902999,"State Government, Excluding Education and Hospitals",297,0.0133722007747345,-1.26606548656672,8.88
5,903611,Elementary and Secondary Schools (Local Government),469,0.0424926885198754,-1.60210891344107,4.33
5,903612,"Colleges, Universities, and Professional Schools (Local Government)",186,0.0036546616136836,-1.01339808507379,13.53
5,903619,All Other Schools and Educational Support Services (Local Government),119,0.000350099989396785,-1.33808160460016,7.72
5,903622,Hospitals (Local Government),246,0.00400531803667923,-1.72604337472487,3.07
5,903999,"Local Government, Excluding Education and Hospitals",445,0.0342223413665748,-1.52179002750539,5.29
5,999999,Unclassified Industry,82,0.00133794745665216,-0.00615213521034081,54.02
